{"problem_list": [{"A_matrix": [[-0.15487282009275, 0.2764445413142093, 0.3412340078136907, -0.23464154559975642], [0.2764445413142093, -0.0075230033690514685, -0.3670008172965347, 0.0246832277494743], [0.3412340078136907, -0.3670008172965347, -0.3420660752909289, -0.22655934966459973], [-0.23464154559975645, 0.024683227749474304, -0.22655934966459973, -0.7455381012472694]], "b_vector": [[0.442957639461282], [0.4567011847940213], [0.7122074140453136], [0.29660269187840055]]}, {"A_matrix": [[-0.15487282009275, 0.2764445413142093, 0.3412340078136907, -0.23464154559975642], [0.2764445413142093, -0.0075230033690514685, -0.3670008172965347, 0.0246832277494743], [0.3412340078136907, -0.3670008172965347, -0.3420660752909289, -0.22655934966459973], [-0.23464154559975645, 0.024683227749474304, -0.22655934966459973, -0.7455381012472694]], "b_vector": [[-0.1413795895818982], [0.783034132675255], [0.03605644209902887], [0.6046232642715004]]}, {"A_matrix": [[-0.15487282009275, 0.2764445413142093, 0.3412340078136907, -0.23464154559975642], [0.2764445413142093, -0.0075230033690514685, -0.3670008172965347, 0.0246832277494743], [0.3412340078136907, -0.3670008172965347, -0.3420660752909289, -0.22655934966459973], [-0.23464154559975645, 0.024683227749474304, -0.22655934966459973, -0.7455381012472694]], "b_vector": [[0.1745051383857462], [0.5081855971112413], [0.5380926621090386], [-0.6494240852863948]]}, {"A_matrix": [[-0.15487282009275, 0.2764445413142093, 0.3412340078136907, -0.23464154559975642], [0.2764445413142093, -0.0075230033690514685, -0.3670008172965347, 0.0246832277494743], [0.3412340078136907, -0.3670008172965347, -0.3420660752909289, -0.22655934966459973], [-0.23464154559975645, 0.024683227749474304, -0.22655934966459973, -0.7455381012472694]], "b_vector": [[-0.40983209065743414], [0.8345185449924749], [-0.1380583098372463], [-0.34140351289329507]]}], "shots": 0, "backend": "ibmq_qasm_simulator", "ideal_preprocessing_list": [[[-0.8750000000000002, -0.8333333333333333, 0.20833333333333323, 0.25000000000000033], [0.7071067811865475, 2.275957200481571e-15, 0.7071067811865477, 1.27675647831893e-15]], [[-0.8750000000000002, -0.8333333333333333, 0.20833333333333323, 0.25000000000000033], [0.7071067811865477, 2.5118795932144167e-15, 1.3461454173580023e-15, 0.7071067811865474]], [[-0.8750000000000002, -0.8333333333333333, 0.20833333333333323, 0.25000000000000033], [2.3869795029440866e-15, 0.7071067811865475, 0.7071067811865477, 1.1657341758564144e-15]], [[-0.8750000000000002, -0.8333333333333333, 0.20833333333333323, 0.25000000000000033], [2.3037127760972e-15, 0.7071067811865477, 1.1102230246251565e-15, 0.7071067811865471]]], "canonical_ids": ["co1hurn5979r5og9mvjg", "co1hv3t8qna24prc0n20", "co1hvbl8qna24prc0nvg", "co1hvjg4iheo8846spag"], "canonical_depths": [1334, 1334, 1334, 1334], "canonical_results": [{"3": 0.02225, "1": 0.40675, "2": 0.23325, "0": 0.33775}, {"3": 0.01625, "1": 0.49075, "2": 0.223, "0": 0.27}, {"3": 0.02625, "1": 0.41775, "2": 0.22425, "0": 0.33175}, {"3": 0.02025, "1": 0.5225, "0": 0.25925, "2": 0.198}], "hybrid_preprocessing_list": [], "hybrid_preprocessing_depth": [], "hybrid_ids": ["co1huu8ic362l6k83isg", "co1hv6ghn4v66uicbeig", "co1hve8hn4v66uicbfbg", "co1hvmkmadoqp48jgee0"], "hybrid_depths": [984, 984, 1054, 1055], "hybrid_results": [{"3": 0.02325, "1": 0.3235, "0": 0.38425, "2": 0.269}, {"3": 0.02375, "1": 0.4255, "0": 0.31225, "2": 0.2385}, {"3": 0.015, "1": 0.37825, "0": 0.37125, "2": 0.2355}, {"3": 0.011, "0": 0.28, "2": 0.2215, "1": 0.4875}], "enhanced_preprocessing_list": [], "enhacned_preprocessing_depth": [], "enhanced_ids": ["co1hv10ic362l6k83j5g", "co1hv90hn4v66uicber0", "co1hvgoic362l6k83ki0", "co1hvp8hn4v66uicbgd0"], "enhanced_depths": [1054, 1054, 1054, 1054], "enhanced_results": [{"3": 0.01025, "0": 0.391, "2": 0.2555, "1": 0.34325}, {"3": 0.011, "1": 0.43575, "0": 0.3055, "2": 0.24775}, {"3": 0.00975, "1": 0.3295, "2": 0.26425, "0": 0.3965}, {"3": 0.00925, "0": 0.3005, "2": 0.238, "1": 0.45225}]}