{"lam": [0.08333333333333333, 0.16666666666666666, 0.25, 0.3333333333333333, 0.41666666666666663], "cann_results": [0.7389206358553186, 0.5556994907647781, 0.37108525811254117, 0.0, 0.22225007921433856], "hybrid_results": [1.3021279011856937, 0.5155270687405186, 0.3270294453882457, 0.0, 0.17385629285274032], "enhanced_results": [0.47923909816056415, 0.3693384674994908, 0.23548524961663475, 0.08735504933578338, 0.1846422892670991]}