{"problem_list": [[[0.5, -0.375], [-0.375, 0.5]], [[0.5, -0.33333333333333337], [-0.33333333333333337, 0.5]], [[0.5, -0.29166666666666663], [-0.29166666666666663, 0.5]], [[0.5, -0.25], [-0.25, 0.5]], [[0.5, -0.20833333333333331], [-0.20833333333333331, 0.5]], [[0.5, -0.16666666666666669], [-0.16666666666666669, 0.5]], [[0.5, -0.125], [-0.125, 0.5]], [[0.5, -0.08333333333333331], [-0.08333333333333331, 0.5]], [[0.5, -0.041666666666666685], [-0.041666666666666685, 0.5]]], "shots": 1024, "backend": "ionq_simulator", "preprocessing_backend": "ionq_simulator", "ideal_preprocessing_list": [[[0.125, 0.875], [0.7071067811865476, 0.7071067811865476]], [[0.16666666666666663, 0.8333333333333334], [0.7071067811865476, 0.7071067811865476]], [[0.20833333333333337, 0.7916666666666666], [0.7071067811865476, 0.7071067811865476]], [[0.25, 0.75], [0.7071067811865476, 0.7071067811865476]], [[0.2916666666666667, 0.7083333333333333], [0.7071067811865476, 0.7071067811865476]], [[0.33333333333333326, 0.6666666666666667], [0.7071067811865476, 0.7071067811865476]], [[0.375, 0.625], [0.7071067811865476, 0.7071067811865476]], [[0.4166666666666667, 0.5833333333333333], [0.7071067811865476, 0.7071067811865476]], [[0.45833333333333326, 0.5416666666666667], [0.7071067811865476, 0.7071067811865476]]], "probability_threshold": 0.125, "canonical_ids": ["1dad0a10-12a9-4209-b84a-e4bd3b759dd2", "af4f980e-fe47-4b41-be56-f602c8120fc0", "c6882cd3-b2bc-443f-8cbf-8835fbd82f37", "4fa557c5-2079-496b-b5fc-c06bbccc9b4a", "a53bc89c-acc2-4793-8f72-d8d2231c6f6f", "185361b8-c07e-4c36-8e7e-417a86cf308e", "7d8b02a9-5684-4e66-bad8-0b15940d2d1f", "2873ba73-9fed-47f4-950f-2195d2ddfd1f", "c4ed43bd-182f-4bd4-a8f2-afd904f9b19b"], "canonical_depths": [284, 262, 292, 292, 292, 292, 292, 292, 292], "canonical_results": [{"0 0": 