{"lam": [0.005, 0.01, 0.015, 0.02, 0.025, 0.03, 0.035, 0.04, 0.045, 0.05, 0.055, 0.06, 0.065, 0.07, 0.075, 0.08, 0.085, 0.09, 0.095, 0.1, 0.105, 0.11, 0.115, 0.12, 0.125, 0.13, 0.135, 0.14, 0.145, 0.15, 0.155, 0.16, 0.165, 0.17, 0.17500000000000002, 0.18, 0.185, 0.19, 0.195, 0.2, 0.20500000000000002, 0.21, 0.215, 0.22, 0.225, 0.23, 0.23500000000000001, 0.24, 0.245, 0.25, 0.255, 0.26, 0.265, 0.27, 0.275, 0.28, 0.28500000000000003, 0.29, 0.295, 0.3, 0.305, 0.31, 0.315, 0.32, 0.325, 0.33, 0.335, 0.34, 0.34500000000000003, 0.35000000000000003, 0.355, 0.36, 0.365, 0.37, 0.375, 0.38, 0.385, 0.39, 0.395, 0.4, 0.405, 0.41000000000000003, 0.41500000000000004, 0.42, 0.425, 0.43, 0.435, 0.44, 0.445, 0.45, 0.455, 0.46, 0.465, 0.47000000000000003, 0.47500000000000003, 0.48, 0.485, 0.49, 0.495], "cann_results": [1.3648952224564976, 1.3143723004398586, 1.2633471736775064, 1.2125168002636366, 1.1625234168312242, 1.113918344301637, 1.0671422286275833, 1.022520880882608, 0.980273096973123, 0.9405258076849832, 0.9033322652871381, 0.8686900579795241, 0.8365569841632503, 0.8068638730034138, 0.7795241815460926, 0.7544406437620037, 0.7315094636643401, 0.7106226116167185, 0.6916687638129305, 0.6745333629829366, 0.6590981993548305, 0.6452408282287183, 0.6328340604953313, 0.6217456879774949, 0.6118385383938686, 0.6029708967330902, 0.594997282559846, 0.587769537540633, 0.5811381547148278, 0.5749537700620783, 0.5690687359622295, 0.5633387026799537, 0.5576241452225241, 0.5517917862005743, 0.5457158785994529, 0.5392793242893603, 0.5323746140133314, 0.5249045824114922, 0.5167829776494484, 0.5079348498687422, 0.4982967664182831, 0.48781686500278865, 0.4764547586893232, 0.4641813091884497, 0.4509782869011134, 0.4368379377672433, 0.42176247783316945, 0.4057635365788338, 0.38886156938421534, 0.3710852581125415, 0.35247091675523845, 0.3330619165745509, 0.3129081423693162, 0.2920654885497222, 0.2705954007888708, 0.24856446623908413, 0.22604405273713, 0.2031099951134845, 0.17984232467165828, 0.15632503609360282, 0.1326458844182126, 0.10889620328575406, 0.08517073429753741, 0.06156745607059727, 0.03818740035472483, 0.015134441428387558, 0.007484956059226117, 0.029562046511089693, 0.05098618635917064, 0.07164530702407212, 0.09142649375642314, 0.11021668485577434, 0.1279035032225999, 0.14437622830641092, 0.15952691110227202, 0.173251627874156, 0.18545185987232057, 0.1960359768149554, 0.20492079192575113, 0.21203314670848397, 0.21731147543006257, 0.22070729357246305, 0.2221865522962147, 0.22173080293430686, 0.21933812194096078, 0.21502375721655842, 0.20882047040269083, 0.20077856520889273, 0.19096560746122723, 0.1794658567336741, 0.1663794407905823, 0.15182131175401672, 0.13592002658971572, 0.11881639438768514, 0.10066202962311556, 0.08161784499941281, 0.06185251056017347, 0.04154089841544787, 0.020862525416741138], "hybrid_results": [1.4084171995778378, 1.4024857705922689, 1.3964185894397616, 1.3902161754036113, 1.383880264152068, 1.377413809071072, 1.3708209733741692, 1.3641071134651066, 1.3572787539161346, 1.3503435543019835, 1.3433102680015754, 1.3361886929524087, 1.3289896142204172, 1.3217247381346182, 1.3144066176342575, 1.3070485683893078, 1.2996645751855287, 1.2922691880157535, 1.284877407292095, 1.2775045575923623, 1.2701661493810616, 1.2628777282042254, 1.255654710951378, 1.2485122089105416, 1.2414648375172448, 0.6113990183300477, 0.5968033636854098, 0.5828736625894706, 0.5695000212793494, 0.5565774027734888, 0.5440062682125214, 0.5316930806408547, 0.5195506872438282, 0.5074985938208303, 0.49546314379965617, 0.4833776131005608, 0.471182231431454, 0.45882414000272376, 0.44625729510489565, 0.4855543696981615, 0.4724656901354223, 0.4069428033662894, 0.4442681309497904, 0.4292019626327443, 0.4135240445592836, 0.39726256766688145, 0.3804482085762541, 0.3631140086466511, 0.34529526655441584, 0.327029445388246, 0.3083560947143166, 0.2893167875664121, 0.26995507185980777, 0.2503164353080271, 0.2304482825307519, 0.21039992266857904, 0.1902225654546772, 0.16996932332273482, 0.14969521674363231, 0.12945717957015734, 0.10931406072243426, 0.08932661806232099, 0.06955749978358274, 0.0500712080922332, 0.030934039382214118, 0.01221399454772513, 0.006019347451046015, 0.023695000095077457, 0.040740791508814204, 0.05708364607745753, 0.07264993299044187, 0.0873658886503119, 0.10115811884078203, 0.11395418496224886, 0.1256832764526801, 0.13627696869412906, 0.14567006228124127, 0.1538014955838011, 0.16061531822445468, 0.1660617086417616, 0.17009801460648052, 0.17268979173617108, 0.17381181204997778, 0.1734490127311552, 0.17159735475510268, 0.16826456201933357, 0.16347071406789357, 0.15724866928521158, 0.14964430027111747, 0.1407165286426303, 0.13053715234946614, 0.11919046436740408, 0.10677266703995897, 0.0933910911594785, 0.07916323300152353, 0.0642156259282813, 0.04868256590538057, 0.03270471241421777, 0.01642758788434591], "enhanced_results": [1.4058675824253604, 1.3972678224967947, 0.9384443949300542, 0.8291305759490311, 0.6489337873826831, 0.686005016659395, 0.7046324573868515, 0.6047139739788207, 0.5763659182253498, 0.5530758684418665, 0.5339910216320771, 0.5169094565055907, 0.5024489545945618, 0.4900099478962301, 0.4791422524413842, 0.469502618536729, 0.4728128840683372, 0.47108025281761523, 0.473220119899528, 0.46862898577875134, 0.46627977464684295, 0.45959665123769555, 0.4525184897610883, 0.4458893669671235, 0.43488029151166246, 0.4243670467107539, 0.4142559487513579, 0.4044652575491489, 0.3949241663735555, 0.3890442894799122, 0.38281545012037504, 0.37719063758515253, 0.37227050415362634, 0.36695961610016353, 0.35981112398273524, 0.35042910983402287, 0.341308469260249, 0.33151554439622694, 0.31982821941828427, 0.30816414655282776, 0.29652163984724483, 0.28490899756028915, 0.2778807010788542, 0.27079734095575003, 0.2637952319181809, 0.2593860986239164, 0.25521750047041936, 0.2501622583403142, 0.24439520605399456, 0.23370598146568886, 0.27540703313975146, 0.2577854245697906, 0.23819620934599947, 0.22015291369043016, 0.2031783296155314, 0.18496052551137085, 0.17013458231033893, 0.15931114611182073, 0.1478962696624294, 0.12083596622569358, 0.1290799258592817, 0.14360832630132106, 0.12162420510953091, 0.11189461722131852, 0.10245587784786508, 0.09269333866232804, 0.07915660417099207, 0.0697883057113741, 0.06975391348365836, 0.07838331148263822, 0.10177766055127671, 0.10609513706748229, 0.1229865740651674, 0.14855263795342039, 0.1634805012140818, 0.16526230888860044, 0.17395241015781332, 0.18201478152561062, 0.1833107438043842, 0.18524404553796117, 0.18490819036748415, 0.1851093661420628, 0.18686857582504382, 0.18488585251243805, 0.18547733053580964, 0.17879751761756119, 0.18096813818529245, 0.17764972235065704, 0.1707030824349358, 0.16150367202865792, 0.15174004780041112, 0.1374042721898452, 0.12226631851799113, 0.10632704770695223, 0.08970730750320913, 0.07250041040973113, 0.05481981824898439, 0.03615989562005812, 0.018151599605883972]}