{"lam": [0.005, 0.01, 0.015, 0.02, 0.025, 0.03, 0.035, 0.04, 0.045, 0.05, 0.055, 0.06, 0.065, 0.07, 0.075, 0.08, 0.085, 0.09, 0.095, 0.1, 0.105, 0.11, 0.115, 0.12, 0.125, 0.13, 0.135, 0.14, 0.145, 0.15, 0.155, 0.16, 0.165, 0.17, 0.17500000000000002, 0.18, 0.185, 0.19, 0.195, 0.2, 0.20500000000000002, 0.21, 0.215, 0.22, 0.225, 0.23, 0.23500000000000001, 0.24, 0.245, 0.25, 0.255, 0.26, 0.265, 0.27, 0.275, 0.28, 0.28500000000000003, 0.29, 0.295, 0.3, 0.305, 0.31, 0.315, 0.32, 0.325, 0.33, 0.335, 0.34, 0.34500000000000003, 0.35000000000000003, 0.355, 0.36, 0.365, 0.37, 0.375, 0.38, 0.385, 0.39, 0.395, 0.4, 0.405, 0.41000000000000003, 0.41500000000000004, 0.42, 0.425, 0.43, 0.435, 0.44, 0.445, 0.45, 0.455, 0.46, 0.465, 0.47000000000000003, 0.47500000000000003, 0.48, 0.485, 0.49, 0.495], "Can.": [1.3648952224564976, 1.3143723004398584, 1.2633471736775064, 1.2125168002636373, 1.1625234168312244, 1.113918344301637, 1.0671422286275836, 1.022520880882608, 0.980273096973123, 0.9405258076849832, 0.9033322652871381, 0.8686900579795241, 0.8365569841632503, 0.8068638730034138, 0.7795241815460927, 0.7544406437620037, 0.7315094636643401, 0.7106226116167185, 0.6916687638129309, 0.674533362982937, 0.6590981993548305, 0.6452408282287183, 0.632834060495331, 0.6217456879774955, 0.6118385383938686, 0.6029708967330902, 0.5949972825598462, 0.587769537540633, 0.5811381547148284, 0.5749537700620783, 0.5690687359622297, 0.5633387026799537, 0.5576241452225236, 0.5517917862005743, 0.5457158785994524, 0.5392793242893608, 0.5323746140133312, 0.5249045824114922, 0.5167829776494484, 0.5079348498687422, 0.49829676641828263, 0.48781686500278865, 0.4764547586893232, 0.46418130918845063, 0.4509782869011134, 0.4368379377672428, 0.42176247783316995, 0.4057635365788335, 0.3888615693842145, 0.3710852581125415, 0.35247091675523845, 0.33306191657455225, 0.3129081423693162, 0.2920654885497214, 0.27059540078887245, 0.24856446623908413, 0.22604405273713, 0.2031099951134856, 0.17984232467165828, 0.15632503609360351, 0.13264588441821176, 0.10889620328575711, 0.08517073429754002, 0.061567456070599075, 0.03818740035472483, 0.015134441428380222, 0.007484956059226117, 0.029562046511089693, 0.05098618635917064, 0.07164530702407523, 0.09142649375642314, 0.11021668485577434, 0.12790350322259644, 0.1443762283064117, 0.1595269111022741, 0.17325162787415663, 0.18545185987232057, 0.1960359768149554, 0.20492079192575113, 0.21203314670848397, 0.21731147543006257, 0.22070729357246305, 0.2221865522962157, 0.22173080293430686, 0.21933812194096078, 0.21502375721655637, 0.20882047040269083, 0.20077856520889273, 0.19096560746122782, 0.1794658567336741, 0.1663794407905843, 0.15182131175401672, 0.13592002658971652, 0.11881639438768514, 0.10066202962311666, 0.08161784499941689, 0.06185251056017347, 0.04154089841544787, 0.020862525416735816], "Hybrid": [1.4080595611388547, 1.4018842636367388, 1.395677752405826, 1.3894317152148736, 1.3831395517328415, 1.3767964541706752, 1.3703994620557618, 1.3639474919514267, 1.3574413434025099, 1.350883682679704, 1.3442790060268044, 1.3376335841114915, 1.3309553892704251, 1.324254006953071, 1.3175405325339267, 1.3108274544045018, 1.3041285239956935, 1.2974586131349337, 1.2908335589238185, 1.2842699961404935, 1.2777851770336826, 1.2713967782865914, 1.2651226948916772, 0.5044928747506504, 0.47833971588718244, 0.4533422953815273, 0.42948509931991563, 0.40675804730900356, 0.38515761541236215, 0.3646878748813533, 0.3453614531916319, 0.327200392318933, 0.31023683674271213, 0.29451342910514766, 0.2800832266620719, 0.2670088852482031, 0.3649312446235813, 0.35858771366237, 0.35237685811049385, 0.3461879533703858, 0.33992006663194485, 0.33348267070122084, 0.21532017716250498, 0.20231715709980172, 0.18854162531982058, 0.1741207197977581, 0.15921806427937452, 0.14405456963980312, 0.12894401239094333, 0.11435323273838366, 0.10099762123261868, 0.08996181579447365, 0.08274057442621165, 0.08091620850732978, 0.0853404631744654, 0.09558405111848521, 0.110408598657073, 0.12855822415854398, 0.1491057964870433, 0.17144745191990818, 0.1952070842692512, 0.22015473406751304, 0.2461532019307624, 0.2731254896883591, 0.164567031329873, 0.16709689528427712, 0.1692085366932478, 0.1711978052994686, 0.17342635869136586, 0.17629382558058532, 0.18019434704111986, 0.18546129190022545, 0.19231094934322815, 0.20080006445724122, 0.2108090794383963, 0.22205366881355013, 0.34684637795655093, 0.3441984337463543, 0.34228058313368714, 0.3404689154134362, 0.3382134698536923, 0.3350509186879164, 0.33060766732334257, 0.3245967743619024, 0.31681138745370463, 0.3071165299606264, 0.29544036431828635, 0.2817655738060589, 0.17642733524392581, 0.17516485430958903, 0.1702530564294257, 0.16178551299660668, 0.1499306812326305, 0.13492934515353103, 0.11709032238506169, 0.23753696131885021, 0.17964618330340493, 0.1204708892163476, 0.060446585372628835], "Enhanced": [1.4058330753159054, 1.397227998950176, 0.9368850966283281, 0.8265787607194877, 0.743061661710212, 0.6802082906561271, 0.6324977219353202, 0.5957161202094171, 0.5764002025777766, 0.5437154937613837, 0.5248526086404385, 0.509173732273239, 0.4959062138184535, 0.4844844020060087, 0.474487186466381, 0.48040024482453025, 0.4812685069452283, 0.47794185955358015, 0.47605121131773764, 0.47295157836978857, 0.4666535492458344, 0.45834794711534654, 0.4444174814548305, 0.43430171285217345, 0.4246559050108615, 0.4186128307779414, 0.4125718998061336, 0.4075650455050467, 0.4025741114285536, 0.39746993035067174, 0.39178128145866914, 0.3809269647166862, 0.37024073980088856, 0.3596787008819762, 0.34920556162693955, 0.34143528843133886, 0.3335214921181265, 0.32710738148926, 0.3203423583659589, 0.3131274234225525, 0.304307064231392, 0.29402070945493936, 0.277233147391844, 0.2671111285338201, 0.25694381764814367, 0.24794350844442375, 0.24300777663861492, 0.23593916116099373, 0.229257571479055, 0.22336253252789817, 0.21493564540198334, 0.20619377618276474, 0.2459783119201947, 0.2314091119190834, 0.21381495149700036, 0.19130135008962126, 0.17699120256527723, 0.16018841890359328, 0.14519995092194654, 0.1354820336889768, 0.12885335856011645, 0.12936179819482613, 0.10939653223165491, 0.09395560552406321, 0.0817183126274356, 0.07885309145358296, 0.08184375067681621, 0.08301922613749121, 0.09915673835042749, 0.10573455549969013, 0.09598848927447444, 0.10778558174394694, 0.1267157698476384, 0.13922230847894368, 0.14430203148825782, 0.1481030401416592, 0.15472278482488655, 0.16455337885735064, 0.17545654947725028, 0.18635918310526173, 0.19458556554714745, 0.19681831253855714, 0.19856752990049434, 0.19868531784814406, 0.19123566417096288, 0.1862680785240493, 0.18139310972738334, 0.17701882599407046, 0.170359519206605, 0.1615085242496684, 0.14941665903992132, 0.1364276128660274, 0.12150490552937392, 0.10699564928944907, 0.09084405103383257, 0.0737245644060041, 0.05571903881919596, 0.03735680967394374, 0.01863435886135545]}