{"lam": [0.005, 0.01, 0.015, 0.02, 0.025, 0.03, 0.035, 0.04, 0.045, 0.05, 0.055, 0.06, 0.065, 0.07, 0.075, 0.08, 0.085, 0.09, 0.095, 0.1, 0.105, 0.11, 0.115, 0.12, 0.125, 0.13, 0.135, 0.14, 0.145, 0.15, 0.155, 0.16, 0.165, 0.17, 0.17500000000000002, 0.18, 0.185, 0.19, 0.195, 0.2, 0.20500000000000002, 0.21, 0.215, 0.22, 0.225, 0.23, 0.23500000000000001, 0.24, 0.245, 0.25, 0.255, 0.26, 0.265, 0.27, 0.275, 0.28, 0.28500000000000003, 0.29, 0.295, 0.3, 0.305, 0.31, 0.315, 0.32, 0.325, 0.33, 0.335, 0.34, 0.34500000000000003, 0.35000000000000003, 0.355, 0.36, 0.365, 0.37, 0.375, 0.38, 0.385, 0.39, 0.395, 0.4, 0.405, 0.41000000000000003, 0.41500000000000004, 0.42, 0.425, 0.43, 0.435, 0.44, 0.445, 0.45, 0.455, 0.46, 0.465, 0.47000000000000003, 0.47500000000000003, 0.48, 0.485, 0.49, 0.495], "cann_results": [1.3648952224564976, 1.3143723004398584, 1.2633471736775064, 1.2125168002636373, 1.1625234168312244, 1.1139183443016372, 1.0671422286275836, 1.022520880882608, 0.980273096973123, 0.9405258076849832, 0.9033322652871381, 0.8686900579795241, 0.8365569841632504, 0.8068638730034138, 0.7795241815460927, 0.7544406437620037, 0.7315094636643401, 0.7106226116167185, 0.6916687638129305, 0.674533362982937, 0.6590981993548305, 0.6452408282287183, 0.632834060495331, 0.6217456879774955, 0.6118385383938686, 0.6029708967330899, 0.594997282559846, 0.587769537540633, 0.5811381547148278, 0.5749537700620783, 0.5690687359622297, 0.5633387026799537, 0.5576241452225239, 0.5517917862005743, 0.5457158785994529, 0.5392793242893603, 0.5323746140133314, 0.524904582411492, 0.5167829776494484, 0.5079348498687419, 0.4982967664182831, 0.48781686500278865, 0.4764547586893239, 0.46418130918845063, 0.4509782869011134, 0.4368379377672428, 0.42176247783316995, 0.4057635365788335, 0.38886156938421534, 0.3710852581125415, 0.35247091675523845, 0.33306191657455125, 0.3129081423693158, 0.2920654885497218, 0.2705954007888708, 0.24856446623908413, 0.22604405273713, 0.2031099951134856, 0.1798423246716589, 0.15632503609360351, 0.1326458844182126, 0.10889620328575406, 0.08517073429753741, 0.06156745607059727, 0.03818740035472483, 0.015134441428380222, 0.007484956059226117, 0.029562046511089693, 0.05098618635917064, 0.07164530702407833, 0.09142649375642314, 0.11021668485577031, 0.12790350322259905, 0.14437622830641092, 0.15952691110227202, 0.17325162787415468, 0.18545185987232057, 0.1960359768149554, 0.20492079192575113, 0.2120331467084845, 0.21731147543006207, 0.22070729357246455, 0.2221865522962142, 0.22173080293430586, 0.21933812194096128, 0.21502375721655842, 0.2088204704026914, 0.20077856520889273, 0.19096560746122782, 0.1794658567336741, 0.1663794407905843, 0.15182131175401672, 0.13592002658971572, 0.11881639438768514, 0.10066202962311666, 0.08161784499941417, 0.06185251056017347, 0.04154089841545589, 0.020862525416735816], "hybrid_results": [1.4084171995778378, 1.4024857705922689, 1.3964185894397616, 1.3902161754036115, 1.383880264152068, 1.377413809071072, 1.3708209733741692, 1.3641071134651066, 1.3572787539161346, 1.3503435543019833, 1.3433102680015754, 1.3361886929524087, 1.3289896142204167, 1.3217247381346182, 1.3144066176342575, 1.3070485683893078, 1.2996645751855287, 1.2922691880157535, 1.284877407292095, 1.2775045575923627, 1.2701661493810616, 1.2628777282042254, 1.255654710951378, 0.5317587516296888, 0.6267745788076222, 0.6113990183300475, 0.59680336368541, 0.5828736625894706, 0.5695000212793494, 0.556577402773489, 0.544006268212522, 0.5316930806408543, 0.519550687243828, 0.5074985938208301, 0.49546314379965617, 0.4833776131005608, 0.47118223143145377, 0.45882414000272376, 0.44625729510489565, 0.4334423264501323, 0.4203463586185436, 0.45869697715273594, 0.4442681309497914, 0.4292019626327435, 0.4135240445592836, 0.39726256766688145, 0.3804482085762544, 0.36311400864665083, 0.3452952665544165, 0.3270294453882457, 0.3083560947143169, 0.28931678756641327, 0.2699550718598082, 0.25031643530802533, 0.2304482825307519, 0.21039992266857904, 0.1902225654546772, 0.16996932332273482, 0.14969521674363306, 0.12945717957015734, 0.10931406072243426, 0.08932661806232348, 0.06955749978358114, 0.05007120809223098, 0.030934039382221296, 0.01221399454772513, 0.006019347451082903, 0.023695000095082144, 0.04074079150881693, 0.05708364607745558, 0.07264993299044034, 0.0873658886503119, 0.10115811884078532, 0.11395418496224984, 0.12568327645268185, 0.13627696869412906, 0.14567006228124127, 0.1538014955838011, 0.16061531822445468, 0.16606170864176426, 0.17009801460648183, 0.17268979173617108, 0.17381181204997778, 0.17344901273115457, 0.1715973547551001, 0.16826456201933424, 0.16347071406789357, 0.1572486692852123, 0.14964430027111747, 0.1407165286426303, 0.13053715234946445, 0.11919046436740408, 0.10677266703995793, 0.0933910911594785, 0.07916323300151933, 0.0642156259282813, 0.04868256590537829, 0.03270471241422116, 0.01642758788434591], "enhanced_results": [1.405867582425363, 1.3972678224967947, 0.9385502949772422, 0.8291193585027431, 0.748025606894002, 0.6868717874081823, 0.6404897089121122, 0.6038001582985605, 0.5764845708326196, 0.553121168557569, 0.5339910216320778, 0.5169094565055897, 0.5024489545945614, 0.4900099478962301, 0.4791422524413842, 0.46971748180918715, 0.4746225902946223, 0.4745336187255258, 0.4700374929649508, 0.4698865102564435, 0.46645087130125196, 0.4602837123956894, 0.45322678495056223, 0.44426584163590205, 0.4348802915116627, 0.4243670467107539, 0.4142559487513576, 0.40446525754914864, 0.3949241663735555, 0.3901014877636233, 0.383852476980023, 0.3769722557812007, 0.3703007256947063, 0.3658810706131769, 0.3580441233412753, 0.3513044431356943, 0.34136487268803, 0.33151554439622694, 0.31982821941828427, 0.30816414655282703, 0.29652163984724483, 0.28490899756028837, 0.2786326890060364, 0.2688786610217361, 0.2654679814268989, 0.25829005400200006, 0.25808025870184725, 0.2524331886317588, 0.2414348239853035, 0.23772134928138675, 0.2748386462217196, 0.25693981500042434, 0.23846381863989574, 0.21899272036957354, 0.201049342333431, 0.18048331797435224, 0.17111079371942425, 0.15906194461536868, 0.15436221829299793, 0.1443626699392848, 0.1449530887715669, 0.12711282908044982, 0.1283912367875509, 0.11769062988188474, 0.10431101514466219, 0.09023614766008828, 0.07880012954959999, 0.07565603894315144, 0.06709183134182127, 0.08517433138699301, 0.0998731392928401, 0.11612588212046376, 0.13409874976176742, 0.14202698348476378, 0.1607457261264037, 0.1663745769752429, 0.1773116235353639, 0.17997236323533997, 0.18498626584519812, 0.1848548452288691, 0.18499805470112024, 0.1831683450159583, 0.1837577546390766, 0.18481311264139358, 0.18684319399201338, 0.1835490297595806, 0.18196218508163678, 0.1778027452062502, 0.17072189842951863, 0.16247821654622205, 0.15168163659432218, 0.13741934423506835, 0.12235429949688499, 0.10632404103522634, 0.08969305428062228, 0.07249400901023415, 0.054384363845000006, 0.03629887846924806, 0.018137506950138774],