{"problem_list": [[[0.5, -0.375], [-0.375, 0.5]], [[0.5, -0.33333333333333337], [-0.33333333333333337, 0.5]], [[0.5, -0.29166666666666663], [-0.29166666666666663, 0.5]], [[0.5, -0.25], [-0.25, 0.5]], [[0.5, -0.20833333333333331], [-0.20833333333333331, 0.5]], [[0.5, -0.16666666666666669], [-0.16666666666666669, 0.5]], [[0.5, -0.125], [-0.125, 0.5]], [[0.5, -0.08333333333333331], [-0.08333333333333331, 0.5]], [[0.5, -0.041666666666666685], [-0.041666666666666685, 0.5]]], "shots": 1024, "backend": "Deneb", "preprocessing_backend": "Deneb", "ideal_preprocessing_list": [[[0.125, 0.875], [0.7071067811865476, 0.7071067811865476]], [[0.16666666666666663, 0.8333333333333334], [0.7071067811865476, 0.7071067811865476]], [[0.20833333333333337, 0.7916666666666666], [0.7071067811865476, 0.7071067811865476]], [[0.25, 0.75], [0.7071067811865476, 0.7071067811865476]], [[0.2916666666666667, 0.7083333333333333], [0.7071067811865476, 0.7071067811865476]], [[0.33333333333333326, 0.6666666666666667], [0.7071067811865476, 0.7071067811865476]], [[0.375, 0.625], [0.7071067811865476, 0.7071067811865476]], [[0.4166666666666667, 0.5833333333333333], [0.7071067811865476, 0.7071067811865476]], [[0.45833333333333326, 0.5416666666666667], [0.7071067811865476, 0.7071067811865476]]], "probability_threshold": 0.125, "canonical_ids": [], "canonical_depths": [], "canonical_results": [], "hybrid_preprocessing_list": [[[2.0, 1.0, 1.3333333333333333, 1.6666666666666667, 2.3333333333333335, 0.3333333333333333, 0.0, 0.6666666666666666], [121, 80, 280, 165, 102, 81, 76, 95]], [[2.3333333333333335, 1.0, 1.3333333333333333, 2.0, 0.3333333333333333, 0.0, 1.6666666666666667, 0.6666666666666666], [106, 127, 216, 164, 92, 66, 160, 69]], [[1.6666666666666667, 2.3333333333333335, 1.3333333333333333, 2.0, 1.0, 0.3333333333333333, 0.6666666666666666, 0.0], [214, 83, 232, 128, 112, 88, 87, 56]], [[1.6666666666666667, 1.0, 1.3333333333333333, 0.3333333333333333, 2.0, 0.6666666666666666, 0.0, 2.3333333333333335], [196, 108, 255, 83, 142, 83, 76, 57]], [[1.6666666666666667, 1.3333333333333333, 2.3333333333333335, 2.0, 1.0, 0.0, 0.3333333333333333, 0.6666666666666666], [190, 258, 96, 122, 156, 61, 59, 58]], [[1.0, 1.3333333333333333, 0.3333333333333333, 2.3333333333333335, 2.0, 1.6666666666666667, 0.6666666666666666, 0.0], [175, 267, 79, 83, 128, 157, 60, 51]], [[2.3333333333333335, 1.0, 1.6666666666666667, 0.6666666666666666, 1.3333333333333333, 2.0, 0.3333333333333333, 0.0], [96, 221, 142, 78, 269, 98, 47, 49]], [[1.6666666666666667, 1.3333333333333333, 1.0, 0.6666666666666666, 2.3333333333333335, 0.0, 2.0, 0.3333333333333333], [118, 249, 290, 73, 104, 48, 90, 28]], [[1.0, 1.3333333333333333, 0.6666666666666666, 0.0, 2.3333333333333335, 2.0, 0.3333333333333333, 1.6666666666666667], [337, 238, 63, 47, 123, 78, 39, 75]]], "hybrid_preprocessing_depth": [{"r": 33, "move": 22, "cz": 21, "measure": 3}, {"r": 27, "move": 18, "cz": 18, "measure": 3}, {"r": 34, "move": 24, "cz": 21, "measure": 3}, {"r": 34, "move": 24, "cz": 21, "measure": 3}, {"r": 34, "move": 24, "cz": 21, "measure": 3}, {"r": 34, "move": 24, "cz": 21, "measure": 3}, {"r": 34, "move": 24, "cz": 21, "measure": 3}, {"r": 34, "move": 24, "cz": 21, "measure": 3}, {"r": 34, "move": 24, "cz": 21, "measure": 3}], "hybrid_ids": ["066a101d-fae8-71c5-8000-b50c606faacc", "066a101f-f568-7a76-8000-601bbe3d181a", "066a1022-02a2-7279-8000-d5f0ba919462", "066a1024-5f47-719d-8000-02871564fab4", "066a1026-6534-7a38-8000-07f09f932850", "066a1028-8810-7874-8000-ca302607b12d", "066a102a-ab26-79bb-8000-23afa8040b57", "066a102c-ba31-75c3-8000-4f56d93fbd6f", "066a102e-b61d-7f98-8000-b44c5da2c8c1"], "hybrid_depths": [null, null, null, null, null, null, null, null, null], "hybrid_results": [{"00": 319, "11": 171, "10": 229, "01": 281}, {"00": 256, "01": 232, "10": 258, "11": 254}, {"01": 255, "10": 227, "00": 309, "11": 209}, {"11": 164, "00": 331, "01": 273, "10": 232}, {"11": 169, "10": 217, "00": 350, "01": 264}, {"01": 238, "11": 188, "00": 318, "10": 256}, {"10": 202, "00": 358, "01": 295, "11": 145}, {"01": 303, "10": 167, "11": 108, "00": 422}, {"11": 49, "00": 485, "01": 372, "10": 94}],