{"problem_list": [[[0.5, -0.375], [-0.375, 0.5]], [[0.5, -0.33333333333333337], [-0.33333333333333337, 0.5]], [[0.5, -0.29166666666666663], [-0.29166666666666663, 0.5]], [[0.5, -0.25], [-0.25, 0.5]], [[0.5, -0.20833333333333331], [-0.20833333333333331, 0.5]], [[0.5, -0.16666666666666669], [-0.16666666666666669, 0.5]], [[0.5, -0.125], [-0.125, 0.5]], [[0.5, -0.08333333333333331], [-0.08333333333333331, 0.5]], [[0.5, -0.041666666666666685], [-0.041666666666666685, 0.5]]], "shots": 1024, "backend": "Deneb", "preprocessing_backend": "Deneb", "ideal_preprocessing_list": [[[0.125, 0.875], [0.7071067811865476, 0.7071067811865476]], [[0.16666666666666663, 0.8333333333333334], [0.7071067811865476, 0.7071067811865476]], [[0.20833333333333337, 0.7916666666666666], [0.7071067811865476, 0.7071067811865476]], [[0.25, 0.75], [0.7071067811865476, 0.7071067811865476]], [[0.2916666666666667, 0.7083333333333333], [0.7071067811865476, 0.7071067811865476]], [[0.33333333333333326, 0.6666666666666667], [0.7071067811865476, 0.7071067811865476]], [[0.375, 0.625], [0.7071067811865476, 0.7071067811865476]], [[0.4166666666666667, 0.5833333333333333], [0.7071067811865476, 0.7071067811865476]], [[0.45833333333333326, 0.5416666666666667], [0.7071067811865476, 0.7071067811865476]]], "probability_threshold": 0.125, "canonical_ids": [], "canonical_depths": [], "canonical_results": [], "hybrid_preprocessing_list": [[[1.0, 2.3333333333333335, 0.6666666666666666, 1.3333333333333333, 1.6666666666666667, 2.0, 0.3333333333333333, 0.0], [91, 115, 81, 286, 179, 132, 74, 42]], [[1.6666666666666667, 0.6666666666666666, 1.3333333333333333, 0.3333333333333333, 2.0, 2.3333333333333335, 1.0, 0.0], [192, 94, 183, 103, 156, 121, 111, 40]], [[1.3333333333333333, 0.3333333333333333, 1.6666666666666667, 1.0, 2.3333333333333335, 2.0, 0.0, 0.6666666666666666], [247, 85, 202, 115, 72, 155, 57, 67]], [[1.3333333333333333, 1.0, 1.6666666666666667, 2.3333333333333335, 0.3333333333333333, 2.0, 0.0, 0.6666666666666666], [251, 151, 170, 72, 83, 122, 66, 85]], [[0.3333333333333333, 1.0, 0.6666666666666666, 1.6666666666666667, 2.0, 0.0, 1.3333333333333333, 2.3333333333333335], [61, 153, 77, 171, 138, 57, 264, 79]], [[1.0, 1.3333333333333333, 0.6666666666666666, 0.3333333333333333, 1.6666666666666667, 2.0, 2.3333333333333335, 0.0], [187, 268, 75, 61, 151, 117, 101, 40]], [[0.3333333333333333, 2.3333333333333335, 0.6666666666666666, 1.6666666666666667, 1.3333333333333333, 1.0, 2.0, 0.0], [48, 110, 88, 124, 243, 222, 113, 52]], [[2.3333333333333335, 1.3333333333333333, 1.0, 0.3333333333333333, 2.0, 0.6666666666666666, 1.6666666666666667, 0.0], [112, 241, 279, 43, 98, 58, 119, 50]], [[1.3333333333333333, 1.0, 2.3333333333333335, 2.0, 0.6666666666666666, 1.6666666666666667, 0.3333333333333333, 0.0], [252, 304, 140, 63, 74, 85, 33, 49]]], "hybrid_preprocessing_depth": [{"r": 33, "move": 22, "cz": 21, "measure": 3}, {"r": 27, "move": 18, "cz": 18, "measure": 3}, {"r": 34, "move": 24, "cz": 21, "measure": 3}, {"r": 34, "move": 24, "cz": 21, "measure": 3}, {"r": 34, "move": 24, "cz": 21, "measure": 3}, {"r": 34, "move": 24, "cz": 21, "measure": 3}, {"r": 34, "move": 24, "cz": 21, "measure": 3}, {"r": 34, "move": 24, "cz": 21, "measure": 3}, {"r": 34, "move": 24, "cz": 21, "measure": 3}], "hybrid_ids": ["066a105f-7b65-78af-8000-05a609d23ce0", "066a1061-7ccd-711a-8000-347269ec2092", "066a1063-860f-7b7c-8000-108a632d389e", "066a1065-9523-712a-8000-ab5ed30b87fa", "066a1067-90bf-75e6-8000-7e2ddf06493a", "066a1069-9afc-786d-8000-a593459a33e4", "066a106b-b5f9-70e1-8000-c9668b2e76ec", "066a106d-dd12-7004-8000-d177153ac9f6", "066a1070-0baa-71a6-8000-adae91df97d1"], "hybrid_depths": [null, null, null, null, null, null, null, null, null], "hybrid_results": [{"00": 349, "11": 175, "01": 247, "10": 229}, {"10": 275, "00": 236, "11": 260, "01": 229}, {"00": 322, "11": 188, "10": 233, "01": 257}, {"00": 328, "10": 220, "01": 275, "11": 177}, {"10": 223, "00": 332, "11": 182, "01": 263}, {"01": 243, "11": 200, "10": 236, "00": 321}, {"00": 360, "01": 308, "11": 143, "10": 189}, {"00": 395, "10": 158, "01": 331, "11": 116}, {"01": 369, "11": 47, "00": 512, "10": 72}],