{"problem_list": [[[0.5, -0.375], [-0.375, 0.5]], [[0.5, -0.33333333333333337], [-0.33333333333333337, 0.5]], [[0.5, -0.29166666666666663], [-0.29166666666666663, 0.5]], [[0.5, -0.25], [-0.25, 0.5]], [[0.5, -0.20833333333333331], [-0.20833333333333331, 0.5]], [[0.5, -0.16666666666666669], [-0.16666666666666669, 0.5]], [[0.5, -0.125], [-0.125, 0.5]], [[0.5, -0.08333333333333331], [-0.08333333333333331, 0.5]], [[0.5, -0.041666666666666685], [-0.041666666666666685, 0.5]], [[0.5, -0.375], [-0.375, 0.5]], [[0.5, -0.33333333333333337], [-0.33333333333333337, 0.5]], [[0.5, -0.29166666666666663], [-0.29166666666666663, 0.5]], [[0.5, -0.25], [-0.25, 0.5]], [[0.5, -0.20833333333333331], [-0.20833333333333331, 0.5]], [[0.5, -0.16666666666666669], [-0.16666666666666669, 0.5]], [[0.5, -0.125], [-0.125, 0.5]], [[0.5, -0.08333333333333331], [-0.08333333333333331, 0.5]], [[0.5, -0.041666666666666685], [-0.041666666666666685, 0.5]]], "shots": 1000, "backend": "IQMNdonisBackend", "preprocessing_backend": "simulator_small_matrix_preprocessing.json", "ideal_preprocessing_list": [[[0.125, 0.875], [0.7071067811865476, 0.7071067811865476]], [[0.16666666666666663, 0.8333333333333334], [0.7071067811865476, 0.7071067811865476]], [[0.20833333333333337, 0.7916666666666666], [0.7071067811865476, 0.7071067811865476]], [[0.25, 0.75], [0.7071067811865476, 0.7071067811865476]], [[0.2916666666666667, 0.7083333333333333], [0.7071067811865476, 0.7071067811865476]], [[0.33333333333333326, 0.6666666666666667], [0.7071067811865476, 0.7071067811865476]], [[0.375, 0.625], [0.7071067811865476, 0.7071067811865476]], [[0.4166666666666667, 0.5833333333333333], [0.7071067811865476, 0.7071067811865476]], [[0.45833333333333326, 0.5416666666666667], [0.7071067811865476, 0.7071067811865476]], [[0.125, 0.875], [0.7071067811865476, 0.7071067811865476]], [[0.16666666666666663, 0.8333333333333334], [0.7071067811865476, 0.7071067811865476]], [[0.20833333333333337, 0.7916666666666666], [0.7071067811865476, 0.7071067811865476]], [[0.25, 0.75], [0.7071067811865476, 0.7071067811865476]], [[0.2916666666666667, 0.7083333333333333], [0.7071067811865476, 0.7071067811865476]], [[0.33333333333333326, 0.6666666666666667], [0.7071067811865476, 0.7071067811865476]], [[0.375, 0.625], [0.7071067811865476, 0.7071067811865476]], [[0.4166666666666667, 0.5833333333333333], [0.7071067811865476, 0.7071067811865476]], [[0.45833333333333326, 0.5416666666666667], [0.7071067811865476, 0.7071067811865476]]], "probability_threshold": 0, "canonical_ids": ["066a1036-9540-796b-8000-7591eb95743f", "066a1037-2e88-7724-8000-966081c28dd6", "066a1037-d175-7edf-8000-33c9cbad2ebb", "066a1038-61dd-7526-8000-ba7a0055e8b7", "066a1039-07f8-784e-8000-7f9cd2387e12", "066a1039-9587-7898-8000-f787b5b553ba", "066a103a-44b4-7e43-8000-8243072b62a3", "066a103a-d77f-75fa-8000-de5268f16a6d", "066a103b-6f87-7231-8000-f4de4e639fc4", "066a103c-13af-787b-8000-d0b62559d383", "066a103c-a4c3-79b0-8000-3764bb0fa888", "066a103d-37bd-7c05-8000-c46aef024cb0", "066a103d-da50-76e3-8000-dd79cf3e6e11", "066a103e-74d1-769a-8000-d226b5e2fc6b", "066a103f-0c0a-75b5-8000-dfc8a73449dd", "066a103f-9516-7c33-8000-4b4f2c767bf9", "066a1040-18fe-7574-8000-e0e295241df6", "066a1040-b97e-786a-8000-271120bc8f2f"], "canonical_depths": [{"r": 255, "move": 200, "cz": 181, "measure": 2}, {"r": 244, "move": 192, "cz": 176, "measure": 2}, {"r": 258, "move": 202, "cz": 182, "measure": 2}, {"r": 258, "move": 202, "cz": 182, "measure": 2}, {"r": 258, "move": 202, "cz": 182, "measure": 2}, {"r": 258, "move": 202, "cz": 182, "measure": 2}, {"r": 258, "move": 202, "cz": 182, "measure": 2}, {"r": 258, "move": 202, "cz": 182, "measure": 2}, {"r": 258, "move": 202, "cz": 182, "measure": 2}, {"r": 255, "move": 200, "cz": 181, "measure": 2}, {"r": 244, "move": 192, "cz": 176, "measure": 2}, {"r": 258, "move": 202, "cz": 182, "measure": 2}, {"r": 258, "move": 202, "cz": 182, "measure": 2}, {"r": 258, "move": 202, "cz": 182, "measure": 2}, {"r": 258, "move": 202, "cz": 182, "measure": 2}, {"r": 258, "move": 202, "cz": 182, "measure": 2}, {"r": 258, "move": 202, "cz": 182, "measure": 2}, {"r": 258, "move": 202, "cz": 182, "measure": 2}], "canonical_results": [{"01": 226, "11": 151, "00": 355, "10": 268}, {"10": 318, "00": 273, "01": 187, "11": 222}, {"11": 154, "10": 272, "01": 218, "00": 356}, {"10": 224, "00": 384, "01": 223, "11": 169}, {"00": 360, "11": 146, "01": 236, "10": 258}, {"11": 155, "10": 280, "00": 348, "01": 217}, {"01": 273, "00": 396, "11": 118, "10": 213}, {"00": 459, "01": 299, "10": 161, "11": 81}, {"00": 506, "01": 340, "11": 60, "10": 94}, {"00": 351, "01": 218, "10": 262, "11": 169}, {"01": 204, "00": 325, "10": 287, "11": 184}, {"00": 365, "10": 269, "11": 141, "01": 225}, {"10": 246, "00": 372, "01": 216, "11": 166}, {"10": 251, "01": 233, "11": 137, "00": 379}, {"01": 198, "10": 277, "11": 170, "00": 355}, {"00": 414, "10": 200, "01": 271, "11": 115}, {"00": 464, "01": 299, "11": 110, "10": 127}, {"00": 549, "01": 306, "10": 91, "11": 54}], "hybrid_preprocessing_list": [], "hybrid_preprocessing_depth": [], "hybrid_ids": ["066a1036-bf20-7ca6-8000-899c01e1d4d5", "066a1037-5635-7e48-8000-2d14574291a0", "066a1037-f46e-7aa5-8000-502961b93199", "066a1038-8c70-72bd-8000-c138f2cd0677", "066a1039-2c16-77c8-8000-3fda79465a9b", "066a1039-c2e8-7eb9-8000-5ada26a49a05", "066a103a-667f-78d3-8000-1cde6a75bb81", "066a103b-035d-7b86-8000-a8a954fda92f", "066a103b-a44d-74e1-8000-ff337d54c9a5", "066a103c-3987-759f-8000-f950399310e7", "066a103c-cb91-7537-8000-67be064d143b", "066a103d-627f-7916-8000-24b31c64089f", "066a103e-01fa-787e-8000-fe53d6c23022", "066a103e-9908-7f49-8000-8c16fea2e057", "066a103f-2f06-7fd3-8000-53a3c21e36a6", "066a103f-b838-730c-8000-ad16a3fc5fd8", "066a1040-3942-7486-8000-9045faaae95a", "066a1040-de44-7963-8000-930da7e3d820"], "hybrid_depths": [{"r": 150, "move": 112, "cz": 101, "measure": 2}, {"r": 139, "move": 104, "cz": 96, "measure": 2}, {"r": 126, "move": 92, "cz": 82, "measure": 2}, {"r": 126, "move": 92, "cz": 82, "measure": 2}, {"r": 126, "move": 92, "cz": 82, "measure": 2}, {"r": 126, "move": 92, "cz": 82, "measure": 2}, {"r": 126, "move": 92, "cz": 82, "measure": 2}, {"r": 126, "move": 92, "cz": 82, "measure": 2}, {"r": 126, "move": 92, "cz": 82, "measure": 2}, {"r": 150, "move": 112, "cz": 101, "measure": 2}, {"r": 139, "move": 104, "cz": 96, "measure": 2}, {"r": 126, "move": 92, "cz": 82, "measure": 2}, {"r": 126, "move": 92, "cz": 82, "measure": 2}, {"r": 126, "move": 92, "cz": 82, "measure": 2}, {"r": 126, "move": 92, "cz": 82, "measure": 2}, {"r": 126, "move": 92, "cz": 82, "measure": 2}, {"r": 126, "move": 92, "cz": 82, "measure": 2}, {"r": 126, "move": 92, "cz": 82, "measure": 2}], "hybrid_results": [{"00": 326, "01": 300, "11": 192, "10": 182}, {"00": 286, "10": 203, "01": 297, "11": 214}, {"10": 250, "01": 225, "11": 172, "00": 353}, {"10": 255, "01": 267, "00": 354, "11": 124}, {"00": 352, "01": 268, "11": 152, "10": 228}, {"11": 140, "00": 378, "10": 223, "01": 259}, {"01": 249, "00": 396, "10": 216, "11": 139}, {"00": 450, "01": 324, "10": 129, "11": 97}, {"00": 571, "01": 319, "11": 50, "10": 60}, {"01": 290, "10": 199, "11": 191, "00": 320}, {"00": 290, "10": 215, "01": 292, "11": 203}, {"00": 344, "01": 233, "10": 241, "11": 182}, {"10": 251, "01": 238, "00": 321, "11": 190}, {"10": 209, "01": 293, "11": 135, "00": 363}, {"10": 202, "00": 387, "11": 128, "01": 283}, {"00": 411, "10": 201, "01": 253, "11": 135}, {"01": 311, "00": 452, "10": 153, "11": 84}, {"00": 520, "01": 344, "10": 81, "11": 55}], "enhanced_preprocessing_list": [], "enhacned_preprocessing_depth": [],