{"problem_list": [[[0.5, -0.375], [-0.375, 0.5]], [[0.5, -0.33333333333333337], [-0.33333333333333337, 0.5]], [[0.5, -0.29166666666666663], [-0.29166666666666663, 0.5]], [[0.5, -0.25], [-0.25, 0.5]], [[0.5, -0.20833333333333331], [-0.20833333333333331, 0.5]], [[0.5, -0.16666666666666669], [-0.16666666666666669, 0.5]], [[0.5, -0.125], [-0.125, 0.5]], [[0.5, -0.08333333333333331], [-0.08333333333333331, 0.5]], [[0.5, -0.041666666666666685], [-0.041666666666666685, 0.5]], [[0.5, -0.375], [-0.375, 0.5]], [[0.5, -0.33333333333333337], [-0.33333333333333337, 0.5]], [[0.5, -0.29166666666666663], [-0.29166666666666663, 0.5]], [[0.5, -0.25], [-0.25, 0.5]], [[0.5, -0.20833333333333331], [-0.20833333333333331, 0.5]], [[0.5, -0.16666666666666669], [-0.16666666666666669, 0.5]], [[0.5, -0.125], [-0.125, 0.5]], [[0.5, -0.08333333333333331], [-0.08333333333333331, 0.5]], [[0.5, -0.041666666666666685], [-0.041666666666666685, 0.5]]], "shots": 1000, "backend": "IQMNdonisBackend", "preprocessing_backend": "simulator_small_matrix_preprocessing.json", "ideal_preprocessing_list": [[[0.125, 0.875], [0.7071067811865476, 0.7071067811865476]], [[0.16666666666666663, 0.8333333333333334], [0.7071067811865476, 0.7071067811865476]], [[0.20833333333333337, 0.7916666666666666], [0.7071067811865476, 0.7071067811865476]], [[0.25, 0.75], [0.7071067811865476, 0.7071067811865476]], [[0.2916666666666667, 0.7083333333333333], [0.7071067811865476, 0.7071067811865476]], [[0.33333333333333326, 0.6666666666666667], [0.7071067811865476, 0.7071067811865476]], [[0.375, 0.625], [0.7071067811865476, 0.7071067811865476]], [[0.4166666666666667, 0.5833333333333333], [0.7071067811865476, 0.7071067811865476]], [[0.45833333333333326, 0.5416666666666667], [0.7071067811865476, 0.7071067811865476]], [[0.125, 0.875], [0.7071067811865476, 0.7071067811865476]], [[0.16666666666666663, 0.8333333333333334], [0.7071067811865476, 0.7071067811865476]], [[0.20833333333333337, 0.7916666666666666], [0.7071067811865476, 0.7071067811865476]], [[0.25, 0.75], [0.7071067811865476, 0.7071067811865476]], [[0.2916666666666667, 0.7083333333333333], [0.7071067811865476, 0.7071067811865476]], [[0.33333333333333326, 0.6666666666666667], [0.7071067811865476, 0.7071067811865476]], [[0.375, 0.625], [0.7071067811865476, 0.7071067811865476]], [[0.4166666666666667, 0.5833333333333333], [0.7071067811865476, 0.7071067811865476]], [[0.45833333333333326, 0.5416666666666667], [0.7071067811865476, 0.7071067811865476]]], "probability_threshold": 0, "canonical_ids": ["066a104c-90de-7938-8000-3f37fc3d7041", "066a104d-396a-7ea5-8000-e7b9b207828f", "066a104d-dc23-700d-8000-9cf897180e73", "066a104e-7bbd-71e4-8000-57104c0ec093", "066a104f-09d4-709c-8000-985fd2f40c0c", "066a104f-9f52-720c-8000-1a8e214cb159", "066a1050-39ad-7d7d-8000-58c3fdbc27ad", "066a1050-cf65-75ad-8000-e764afa5e0e9", "066a1051-5d43-7e31-8000-9fb3e3c66081", "066a1051-f5c3-7a90-8000-798dfa8e7a3d", "066a1052-8ca6-74a5-8000-79b8b973dd22", "066a1053-1cec-7951-8000-d17c45f2a8cb", "066a1053-acee-7d8e-8000-e7d4c314b900", "066a1054-47f0-79a9-8000-e59aae5c9f3c", "066a1054-cf9f-7989-8000-9f3a83ad8b39", "066a1055-57a7-7a19-8000-f7cfcae25ecf", "066a1055-e87a-7008-8000-50fd73d43c58", "066a1056-8093-7c67-8000-43c7cc9985b2"], "canonical_depths": [{"r": 255, "move": 200, "cz": 181, "measure": 2}, {"r": 244, "move": 192, "cz": 176, "measure": 2}, {"r": 258, "move": 202, "cz": 182, "measure": 2}, {"r": 258, "move": 202, "cz": 182, "measure": 2}, {"r": 258, "move": 202, "cz": 182, "measure": 2}, {"r": 258, "move": 202, "cz": 182, "measure": 2}, {"r": 258, "move": 202, "cz": 182, "measure": 2}, {"r": 258, "move": 202, "cz": 182, "measure": 2}, {"r": 258, "move": 202, "cz": 182, "measure": 2}, {"r": 255, "move": 200, "cz": 181, "measure": 2}, {"r": 244, "move": 192, "cz": 176, "measure": 2}, {"r": 258, "move": 202, "cz": 182, "measure": 2}, {"r": 258, "move": 202, "cz": 182, "measure": 2}, {"r": 258, "move": 202, "cz": 182, "measure": 2}, {"r": 258, "move": 202, "cz": 182, "measure": 2}, {"r": 258, "move": 202, "cz": 182, "measure": 2}, {"r": 258, "move": 202, "cz": 182, "measure": 2}, {"r": 258, "move": 202, "cz": 182, "measure": 2}], "canonical_results": [{"01": 206, "10": 265, "00": 358, "11": 171}, {"10": 310, "01": 179, "00": 294, "11": 217}, {"01": 225, "11": 177, "00": 348, "10": 250}, {"10": 263, "11": 138, "00": 363, "01": 236}, {"10": 243, "00": 355, "01": 236, "11": 166}, {"10": 238, "11": 190, "01": 223, "00": 349}, {"10": 226, "00": 386, "11": 127, "01": 261}, {"00": 469, "01": 288, "10": 140, "11": 103}, {"01": 345, "00": 518, "10": 88, "11": 49}, {"01": 233, "00": 335, "10": 287, "11": 145}, {"00": 266, "11": 234, "10": 327, "01": 173}, {"10": 254, "00": 379, "01": 206, "11": 161}, {"10": 266, "11": 161, "01": 222, "00": 351}, {"10": 246, "01": 220, "00": 375, "11": 159}, {"11": 175, "10": 299, "00": 320, "01": 206}, {"10": 179, "11": 111, "00": 434, "01": 276}, {"01": 306, "10": 157, "00": 447, "11": 90}, {"00": 528, "01": 308, "11": 64, "10": 100}], "hybrid_preprocessing_list": [], "hybrid_preprocessing_depth": [], "hybrid_ids": ["066a104c-bfcb-74b3-8000-a2ec9d810312", "066a104d-63d1-7aa4-8000-51664f412549", "066a104e-03ab-71ce-8000-04034a0d5784", "066a104e-a012-7492-8000-e93f78175312", "066a104f-3162-7c42-8000-e2835f39b65f", "066a104f-c4e6-70ac-8000-4ed39f130ebb", "066a1050-630f-75d9-8000-6586262f5a95", "066a1050-f775-761e-8000-24a638f32be4", "066a1051-811d-7d86-8000-1e94388a6625", "066a1052-216a-797b-8000-2972ea464359", "066a1052-b1ed-75f9-8000-c5eb4bfc1618", "066a1053-4491-75a7-8000-a2c8091a0fa6", "066a1053-d157-7b5a-8000-74aa849d7890", "066a1054-6aec-70cc-8000-635a1b493504", "066a1054-f3a3-78bb-8000-3eb9e1770860", "066a1055-8098-73b5-8000-ce5665f1063d", "066a1056-1611-793a-8000-cf73b8eb5391", "066a1056-a6b7-799e-8000-ad7899b55d90"], "hybrid_depths": [{"r": 150, "move": 112, "cz": 101, "measure": 2}, {"r": 139, "move": 104, "cz": 96, "measure": 2}, {"r": 126, "move": 92, "cz": 82, "measure": 2}, {"r": 126, "move": 92, "cz": 82, "measure": 2}, {"r": 126, "move": 92, "cz": 82, "measure": 2}, {"r": 126, "move": 92, "cz": 82, "measure": 2}, {"r": 126, "move": 92, "cz": 82, "measure": 2}, {"r": 126, "move": 92, "cz": 82, "measure": 2}, {"r": 126, "move": 92, "cz": 82, "measure": 2}, {"r": 150, "move": 112, "cz": 101, "measure": 2}, {"r": 139, "move": 104, "cz": 96, "measure": 2}, {"r": 126, "move": 92, "cz": 82, "measure": 2}, {"r": 126, "move": 92, "cz": 82, "measure": 2}, {"r": 126, "move": 92, "cz": 82, "measure": 2}, {"r": 126, "move": 92, "cz": 82, "measure": 2}, {"r": 126, "move": 92, "cz": 82, "measure": 2}, {"r": 126, "move": 92, "cz": 82, "measure": 2}, {"r": 126, "move": 92, "cz": 82, "measure": 2}], "hybrid_results": [{"01": 290, "11": 185, "00": 329, "10": 196}, {"01": 284, "00": 290, "10": 216, "11": 210}, {"01": 230, "10": 278, "00": 335, "11": 157}, {"11": 172, "10": 258, "01": 199, "00": 371}, {"10": 215, "01": 249, "00": 397, "11": 139}, {"00": 393, "10": 207, "01": 266, "11": 134}, {"11": 120, "00": 424, "01": 264, "10": 192}, {"00": 443, "11": 91, "01": 306, "10": 160}, {"00": 573, "01": 324, "11": 47, "10": 56}, {"11": 170, "10": 223, "00": 329, "01": 278}, {"10": 209, "00": 279, "11": 227, "01": 285}, {"11": 160, "01": 225, "00": 337, "10": 278}, {"01": 240, "00": 353, "10": 250, "11": 157}, {"11": 150, "10": 207, "01": 261, "00": 382}, {"10": 219, "11": 120, "00": 408, "01": 253}, {"11": 133, "01": 262, "00": 411, "10": 194}, {"00": 467, "01": 304, "10": 147, "11": 82}, {"01": 370, "00": 520, "11": 40, "10": 70}], "enhanced_preprocessing_list": [], "enhacned_preprocessing_depth": [],