{"lam_list": [0.125, 0.16666666666666666, 0.20833333333333334, 0.25, 0.2916666666666667, 0.3333333333333333, 0.375, 0.4166666666666667, 0.4583333333333333], "fixed": [[[0.6666666666666666, 0.3333333333333333, 0.0, 1.0], [0.1305, 0.137, 0.3075, 0.31875]], [[0.3333333333333333, 0.6666666666666666, 1.0, 0.0], [0.2415, 0.2305, 0.21675, 0.206]], [[0.6666666666666666, 0.3333333333333333], [0.3545, 0.327]], [[0.3333333333333333, 0.6666666666666666], [0.4285, 0.4165]], [[0.6666666666666666, 0.3333333333333333], [0.48425, 0.47875]], [[0.6666666666666666, 0.3333333333333333], [0.4935, 0.5065]], [[0.6666666666666666, 0.3333333333333333], [0.47875, 0.49175]], [[0.6666666666666666, 0.3333333333333333], [0.438, 0.46925]], [[0.6666666666666666, 0.3333333333333333], [0.42125, 0.42875]]], "fixed_depth": [66, 54, 72, 72, 72, 70, 72, 72, 72], "enhanced_fixed": [[[0.13333333333333333, 0.8666666666666667], [0.46825, 0.48025]], [[0.8, 0.2, 0.8666666666666667, 0.13333333333333333], [0.21025, 0.212, 0.19375, 0.188]], [[0.2, 0.8], [0.462, 0.4865]], [[0.8, 0.7333333333333333, 0.26666666666666666, 0.2], [0.047, 0.394, 0.41575, 0.04525]], [[0.7333333333333333, 0.26666666666666666, 0.3333333333333333, 0.6666666666666666], [0.31925, 0.30725, 0.11275, 0.1105]], [[0.6666666666666666, 0.3333333333333333], [0.49425, 0.50575]], [[0.6666666666666666, 0.6, 0.3333333333333333, 0.4, 0.4666666666666667], [0.11425, 0.2995, 0.1155, 0.32375, 0.03675]], [[0.5333333333333333, 0.4666666666666667, 0.4, 0.6], [0.04625, 0.053, 0.4035, 0.42]], [[0.4666666666666667, 0.5333333333333333], [0.48525, 0.4725]]], "enhanced_fixed_depth": [108, 102, 120, 108, 114, 118, 108, 114, 120], "iterative": [], "iterative_depth": [], "enhanced_iterative": [], "enhanced_iterative_depht": []}