{"lam": [0.005, 0.01, 0.015, 0.02, 0.025, 0.03, 0.035, 0.04, 0.045, 0.05, 0.055, 0.06, 0.065, 0.07, 0.075, 0.08, 0.085, 0.09, 0.095, 0.1, 0.105, 0.11, 0.115, 0.12, 0.125, 0.13, 0.135, 0.14, 0.145, 0.15, 0.155, 0.16, 0.165, 0.17, 0.17500000000000002, 0.18, 0.185, 0.19, 0.195, 0.2, 0.20500000000000002, 0.21, 0.215, 0.22, 0.225, 0.23, 0.23500000000000001, 0.24, 0.245, 0.25, 0.255, 0.26, 0.265, 0.27, 0.275, 0.28, 0.28500000000000003, 0.29, 0.295, 0.3, 0.305, 0.31, 0.315, 0.32, 0.325, 0.33, 0.335, 0.34, 0.34500000000000003, 0.35000000000000003, 0.355, 0.36, 0.365, 0.37, 0.375, 0.38, 0.385, 0.39, 0.395, 0.4, 0.405, 0.41000000000000003, 0.41500000000000004, 0.42, 0.425, 0.43, 0.435, 0.44, 0.445, 0.45, 0.455, 0.46, 0.465, 0.47000000000000003, 0.47500000000000003, 0.48, 0.485, 0.49, 0.495], "Can.": [1.3648952224564976, 1.3143723004398584, 1.2633471736775064, 1.2125168002636373, 1.1625234168312242, 1.113918344301637, 1.0671422286275833, 1.022520880882608, 0.980273096973123, 0.9405258076849832, 0.9033322652871381, 0.8686900579795241, 0.8365569841632504, 0.8068638730034138, 0.7795241815460927, 0.7544406437620037, 0.7315094636643402, 0.7106226116167185, 0.6916687638129309, 0.6745333629829369, 0.6590981993548305, 0.6452408282287183, 0.632834060495331, 0.6217456879774949, 0.6118385383938686, 0.6029708967330899, 0.594997282559846, 0.587769537540633, 0.5811381547148278, 0.5749537700620783, 0.5690687359622295, 0.5633387026799537, 0.5576241452225239, 0.5517917862005743, 0.5457158785994529, 0.5392793242893603, 0.5323746140133314, 0.524904582411492, 0.5167829776494484, 0.5079348498687419, 0.4982967664182824, 0.48781686500278865, 0.4764547586893239, 0.4641813091884497, 0.4509782869011137, 0.4368379377672433, 0.42176247783316995, 0.4057635365788338, 0.38886156938421423, 0.37108525811254117, 0.35247091675523845, 0.3330619165745509, 0.3129081423693162, 0.2920654885497214, 0.2705954007888708, 0.24856446623908413, 0.22604405273713, 0.20310999511348668, 0.1798423246716589, 0.15632503609360282, 0.1326458844182126, 0.10889620328575507, 0.08517073429753741, 0.061567456070599075, 0.038187400354719014, 0.015134441428387558, 0.007484956059226117, 0.029562046511089693, 0.050986186359164104, 0.07164530702407212, 0.09142649375642314, 0.11021668485577434, 0.12790350322260166, 0.14437622830640937, 0.15952691110227202, 0.17325162787415727, 0.18545185987232057, 0.1960359768149554, 0.20492079192575113, 0.21203314670848397, 0.21731147543006207, 0.22070729357246305, 0.2221865522962157, 0.22173080293430686, 0.21933812194096128, 0.21502375721655842, 0.2088204704026914, 0.20077856520889162, 0.1909656074612284, 0.1794658567336741, 0.16637944079058298, 0.15182131175401598, 0.13592002658971652, 0.11881639438768514, 0.10066202962311666, 0.08161784499941689, 0.06185251056017347, 0.04154089841544787, 0.020862525416735816], "Hybrid": [1.4084171995778378, 1.4024857705922689, 1.3964185894397616, 1.3902161754036115, 1.383880264152068, 1.3774138090710712, 1.3708209733741685, 1.3641071134651066, 1.3572787539161346, 1.3503435543019833, 1.343310268001575, 1.3361886929524087, 1.3289896142204167, 1.3217247381346182, 1.314406617634257, 1.307048568389308, 1.2996645751855287, 1.2922691880157535, 1.2848774072920948, 1.2775045575923627, 1.2701661493810612, 1.2628777282042254, 1.255654710951378, 1.2485122089105416, 0.6267745788076223, 0.6113990183300477, 0.59680336368541, 0.5828736625894707, 0.5695000212793494, 0.556577402773489, 0.5440062682125214, 0.5316930806408547, 0.5195506872438282, 0.5074985938208305, 0.49546314379965595, 0.4833776131005613, 0.47118223143145377, 0.4588241400027235, 0.44625729510489587, 0.4334423264501328, 0.42034635861854386, 0.45869697715273594, 0.4442681309497904, 0.4292019626327433, 0.41352404455928415, 0.3972625676668812, 0.3804482085762541, 0.36311400864665144, 0.34529526655441617, 0.3270294453882457, 0.3083560947143166, 0.2893167875664117, 0.2699550718598082, 0.2503164353080271, 0.2304482825307519, 0.21039992266857904, 0.19022256545467603, 0.16996932332273482, 0.14969521674363084, 0.12945717957015734, 0.10931406072243324, 0.08932661806232348, 0.06955749978358114, 0.050071208092226545, 0.030934039382214118, 0.01221399454770695, 0.00601934745106446, 0.023695000095063402, 0.04074079150882238, 0.05708364607745169, 0.07264993299044034, 0.08736588865030936, 0.10115811884078203, 0.11395418496224886, 0.1256832764526792, 0.1362769686941299, 0.14567006228124127, 0.15380149558380038, 0.16061531822445535, 0.16606170864176426, 0.17009801460648052, 0.17268979173617108, 0.17381181204997906, 0.17344901273115457, 0.1715973547551001, 0.1682645620193349, 0.16347071406789357, 0.15724866928521158, 0.14964430027111747, 0.1407165286426303, 0.13053715234946614, 0.119190464367405, 0.10677266703995793, 0.0933910911594785, 0.07916323300152774, 0.06421562592827958, 0.04868256590538513, 0.03270471241421777, 0.01642758788434591], "Enhanced": [1.405867582425363, 1.3972678224967947, 0.06019940488206981, 0.062217230156956245, 0.06617617406583196, 0.07158940454307929, 0.07808593751265787, 0.08537807140527925, 0.09319863398718643, 0.10143530224598407, 0.11004805573952986, 0.11883088017910873, 0.12785908540823435, 0.13708285806415316, 0.146464691093474, 0.1559748708718226, 0.15837593607642497, 0.16338406905520853, 0.169394089921541, 0.17632485484320626, 0.185394737585643, 0.19614577081061874, 0.20861513868756357, 0.22522924238889233, 0.2326372978094628, 0.2398514148266222, 0.2468976076780518, 0.253713571031885, 0.2602363064966648, 0.2638429298820394, 0.26776614285936745, 0.2712709667657609, 0.27411148263475743, 0.27685129864052566, 0.27943332829441797, 0.28135190900899676, 0.2822236874412657, 0.2819046310252492, 0.2806304323635511, 0.2786302199925683, 0.27589475540577335, 0.27242600980470655, 0.26817668158582675, 0.26319736408188854, 0.2575630976649604, 0.251260989401159, 0.24426022048492685, 0.2363231773702496, 0.2273465940541486, 0.21813677139181717, 0.24783187490493716, 0.23431533027935936, 0.22004825506968412, 0.20553110272228786, 0.18994864147571355, 0.17446265546109133, 0.16057758632844124, 0.14567227652469486, 0.131279257111438, 0.1195090022290154, 0.1068554509487221, 0.09842919932342696, 0.08846025677241362, 0.08520257162714047, 0.0695791629380867, 0.05552839604342005, 0.04629207745587705, 0.041592037501954754, 0.04590027433028649, 0.059028318860759425, 0.07529033632502674, 0.08975426747865792, 0.1119080672481949, 0.12544333810976654, 0.14073835452385305, 0.15009755732992766, 0.15854444021731431, 0.17728355396638115, 0.17826138665453542, 0.17892041016938307, 0.1793323174905449, 0.17909356995606823, 0.18150258316691506, 0.18210464621836908, 0.18250683652266242, 0.18249675716579833, 0.1801749152089347, 0.1763263252309893, 0.17044057547677066, 0.16144223058545465, 0.15167630453410422, 0.13737702989199876, 0.12223115613683913, 0.10631074126607455, 0.089688420731151, 0.07248097992208502, 0.05451799757780155, 0.03619449486333466, 0.018109278174557226]}