{"lam": [0.1, 0.2, 0.30000000000000004, 0.4], "cann_results": [0.674533362982937, 0.5079348498687419, 0.1563250360936078, 0.21203314670848397], "hybrid_results": [1.2842699961404938, 0.3461879533703861, 0.17144745191990687, 0.3404689154134362], "enhanced_results": [0.3115185753073932, 0.13226504980091797, 0.13344575651447652, 0.11211461832434423], "fixed_enhanced_results": [0.47372743287339575, 0.3131251882426749, 0.13930295474285606, 0.18772627251773213]}