{"lam": [0.1, 0.2, 0.30000000000000004, 0.4], "cann_results": [0.6745333629829366, 0.5079348498687419, 0.15632503609360424, 0.21203314670848397], "hybrid_results": [1.2842699961404938, 0.34618795337038516, 0.17144745191990687, 0.3404689154134352], "enhanced_results": [0.30891650162186524, 0.13196949488794948, 0.13309269405198204, 0.11026503248435113], "ideal_enhanced_results": [0.47284571393695557, 0.31284901419777283, 0.1379016927018336, 0.18804205484631187]}