{"lam": [0.005, 0.01, 0.015, 0.02, 0.025, 0.03, 0.035, 0.04, 0.045, 0.05, 0.055, 0.06, 0.065, 0.07, 0.075, 0.08, 0.085, 0.09, 0.095, 0.1, 0.105, 0.11, 0.115, 0.12, 0.125, 0.13, 0.135, 0.14, 0.145, 0.15, 0.155, 0.16, 0.165, 0.17, 0.17500000000000002, 0.18, 0.185, 0.19, 0.195, 0.2, 0.20500000000000002, 0.21, 0.215, 0.22, 0.225, 0.23, 0.23500000000000001, 0.24, 0.245, 0.25, 0.255, 0.26, 0.265, 0.27, 0.275, 0.28, 0.28500000000000003, 0.29, 0.295, 0.3, 0.305, 0.31, 0.315, 0.32, 0.325, 0.33, 0.335, 0.34, 0.34500000000000003, 0.35000000000000003, 0.355, 0.36, 0.365, 0.37, 0.375, 0.38, 0.385, 0.39, 0.395, 0.4, 0.405, 0.41000000000000003, 0.41500000000000004, 0.42, 0.425, 0.43, 0.435, 0.44, 0.445, 0.45, 0.455, 0.46, 0.465, 0.47000000000000003, 0.47500000000000003, 0.48, 0.485, 0.49, 0.495], "Cann.": [1.3648952224564967, 1.3143723004398586, 1.2633471736775064, 1.2125168002636373, 1.1625234168312244, 1.1139183443016372, 1.0671422286275836, 1.022520880882608, 0.980273096973123, 0.9405258076849832, 0.9033322652871381, 0.8686900579795241, 0.8365569841632504, 0.8068638730034139, 0.7795241815460926, 0.7544406437620037, 0.7315094636643401, 0.7106226116167185, 0.6916687638129305, 0.6745333629829366, 0.6590981993548305, 0.6452408282287183, 0.632834060495331, 0.6217456879774952, 0.6118385383938686, 0.6029708967330902, 0.5949972825598462, 0.587769537540633, 0.5811381547148278, 0.5749537700620783, 0.5690687359622295, 0.5633387026799537, 0.5576241452225239, 0.5517917862005743, 0.5457158785994529, 0.5392793242893605, 0.5323746140133319, 0.5249045824114922, 0.5167829776494484, 0.5079348498687422, 0.4982967664182824, 0.48781686500278865, 0.4764547586893239, 0.4641813091884497, 0.4509782869011134, 0.4368379377672433, 0.42176247783316945, 0.4057635365788338, 0.38886156938421534, 0.3710852581125415, 0.35247091675523845, 0.3330619165745509, 0.3129081423693162, 0.2920654885497222, 0.27059540078887245, 0.24856446623908413, 0.22604405273713, 0.2031099951134845, 0.17984232467165828, 0.15632503609360282, 0.1326458844182126, 0.1088962032857561, 0.08517073429754002, 0.06156745607059727, 0.038187400354719014, 0.015134441428387558, 0.007484956059226117, 0.029562046511089693, 0.05098618635917282, 0.07164530702407212, 0.09142649375642437, 0.11021668485577434, 0.1279035032225999, 0.14437622830641092, 0.1595269111022741, 0.173251627874156, 0.18545185987232, 0.19603597681495427, 0.20492079192575113, 0.21203314670848397, 0.21731147543006207, 0.22070729357246305, 0.2221865522962157, 0.22173080293430686, 0.21933812194096128, 0.21502375721655637, 0.2088204704026914, 0.20077856520889328, 0.19096560746122723, 0.1794658567336741, 0.1663794407905843, 0.15182131175401598, 0.13592002658971572, 0.11881639438768514, 0.10066202962311666, 0.08161784499941281, 0.06185251056017526, 0.04154089841545589, 0.020862525416741138], "Hybrid": [1.4080595611388547, 1.4018842636367388, 1.395677752405826, 1.3894317152148736, 1.3831395517328415, 1.3767964541706752, 1.3703994620557618, 1.363947491951427, 1.3574413434025099, 1.3508836826797042, 1.3442790060268044, 1.3376335841114912, 1.3309553892704251, 1.3242540069530713, 1.3175405325339267, 1.3108274544045018, 1.3041285239956935, 1.2974586131349337, 1.2908335589238182, 1.2842699961404938, 1.2777851770336826, 1.2713967782865914, 1.2651226948916772, 1.2589808206932271, 0.47833971588718244, 0.4533422953815273, 0.42948509931991563, 0.4067580473090041, 0.38515761541236215, 0.3646878748813533, 0.3453614531916319, 0.32720039231893405, 0.31023683674271213, 0.2945134291051484, 0.28008322666207314, 0.26700888524820393, 0.3649312446235816, 0.35858771366237036, 0.3523768581104929, 0.3461879533703858, 0.3399200666319455, 0.3334826707012215, 0.32679600818204163, 0.2023171570998006, 0.18854162531982058, 0.17412071979775873, 0.1592180642793766, 0.14405456963980387, 0.12894401239094247, 0.11435323273838463, 0.10099762123261978, 0.08996181579447365, 0.08274057442621567, 0.08091620850733115, 0.08534046317446281, 0.09558405111848521, 0.110408598657073, 0.12855822415854398, 0.1491057964870433, 0.1714474519199075, 0.19520708426925007, 0.22015473406751304, 0.24615320193076196, 0.27312548968835987, 0.1645670313298737, 0.16709689528427912, 0.1692085366932478, 0.17119780529946987, 0.17342635869136522, 0.17629382558058468, 0.18019434704111986, 0.18546129190022664, 0.19231094934322815, 0.20080006445724233, 0.2108090794383963, 0.3508967024803016, 0.34684637795655093, 0.3441984337463546, 0.34228058313368714, 0.3404689154134352, 0.33821346985369094, 0.3350509186879164, 0.33060766732334224, 0.324596774361902, 0.3168113874537043, 0.30711652996062744, 0.2954403643182867, 0.2817655738060589, 0.2661212107158144, 0.17516485430958903, 0.1702530564294257, 0.1617855129966053, 0.1499306812326305, 0.13492934515352936, 0.11709032238506074, 0.23753696131885163, 0.17964618330340554, 0.12047088921635128, 0.06044658537263067], "Enhanced": [1.4057772778103732, 1.397115381728852, 0.9183421843519074, 0.771299558158154, 0.6539217435627052, 0.5650845975648613, 0.4999518166585389, 0.6047071629650882, 0.5762610828653735, 0.35329236381055473, 0.3097323404547749, 0.27655429285247224, 0.2523413519144052, 0.23573737909084538, 0.22541438338850098, 0.2616657611747685, 0.2737115084643531, 0.2893679310761751, 0.30492018660752424, 0.3083542800378169, 0.311808992801768, 0.3097933681919441, 0.22482962374175375, 0.20831334814981928, 0.19428557899967736, 0.19315221310493452, 0.1920840808735618, 0.19351216634867102, 0.21379606930745973, 0.2187815227868264, 0.22141979640988682, 0.17532595570101642, 0.16142833148186414, 0.1492969326805773, 0.13916504181204373, 0.1352039445849428, 0.1332207173747192, 0.13122486422613058, 0.13162290299784538, 0.13209847039043837, 0.13172536664568713, 0.13079229304901901, 0.07858051013552247, 0.06708381132527087, 0.05677188724042023, 0.04893271453539153, 0.044685318521268336, 0.044473731459428026, 0.0482873712512372, 0.055404149567165016, 0.06381049355558469, 0.07370481853659197, 0.04241228808743167, 0.055047528405542286, 0.06895856627698073, 0.08237429622629339, 0.09580729969240452, 0.10816456861404596, 0.1205391791725573, 0.13323328077872854, 0.1450939386735669, 0.15579577060600056, 0.18938511920986065, 0.19270730161303762, 0.195667546049253, 0.19363395814139608, 0.19813414249737227, 0.19781881021635106, 0.19797416152057956, 0.20081385144445255, 0.18224914896012825, 0.18583089076195916, 0.18559255077902567, 0.17165965777457734, 0.14814871908457417, 0.12643254861581948, 0.11358708614516527, 0.10422881739100558, 0.10565078422293102, 0.10941086079008062, 0.1188231390911612, 0.08759105243311537, 0.09870445399610961, 0.10899656030254726, 0.1175341291238073, 0.130962411911802, 0.14314372865448652, 0.15547909249143846, 0.16389753273013544, 0.2560491055632414, 0.2545063476551999, 0.24081080680366979, 0.22196190592688933, 0.18419813979819916, 0.19268799457655442, 0.15787542619582032, 0.12049386940003881, 0.08133132911298636, 0.03467571996612864]}