{"lam": [0.08333333333333333, 0.16666666666666666, 0.25, 0.3333333333333333, 0.41666666666666663], "cann_results": [0.7389206358553186, 0.5556994907647781, 0.3710852581125421, 0.0, 0.22225007921434006], "hybrid_results": [1.3021279011856939, 0.5155270687405186, 0.3270294453882467, 0.0, 0.17385629285274287], "enhanced_results": [0.4749708244338813, 0.370025726179536, 0.2398119137978388, 0.08148269139736317, 0.1851567515318164]}