{"A_matrix": [[-2.619086984894018, -0.9367228599481073, -0.669022134362743, -1.2759712413163753], [-0.9367228599481071, -1.7367662108784065, -0.7634585567892417, -1.3063638277235499], [-0.6690221343627429, -0.7634585567892417, -0.670832018653581, -0.5374650436984334], [-1.2759712413163753, -1.3063638277235499, -0.5374650436984335, -1.0312537147976593]], "b_vector": [[-0.6584857237627011], [-0.713591096266352], [0.011478299895529287], [0.23885675113256877]]}