{"lam": [0.01, 0.02, 0.03, 0.04, 0.05, 0.06, 0.07, 0.08, 0.09, 0.1, 0.11, 0.12, 0.13, 0.14, 0.15, 0.16, 0.17, 0.18, 0.19, 0.2, 0.21, 0.22, 0.23, 0.24, 0.25, 0.26, 0.27, 0.28, 0.29, 0.3, 0.31, 0.32, 0.33, 0.34, 0.35000000000000003, 0.36, 0.37, 0.38, 0.39, 0.4, 0.41000000000000003, 0.42, 0.43, 0.44, 0.45, 0.46, 0.47000000000000003, 0.48, 0.49], "cann_results": [1.3143723004398584, 1.2125168002636373, 1.1139183443016372, 1.022520880882608, 0.9405258076849832, 0.8686900579795241, 0.8068638730034138, 0.7544406437620037, 0.7106226116167185, 0.6745333629829366, 0.6452408282287183, 0.6217456879774949, 0.6029708967330899, 0.5877695375406333, 0.5749537700620783, 0.5633387026799537, 0.5517917862005743, 0.5392793242893603, 0.5249045824114922, 0.5079348498687422, 0.48781686500278865, 0.4641813091884497, 0.4368379377672433, 0.4057635365788335, 0.37108525811254117, 0.33306191657455225, 0.2920654885497214, 0.24856446623908413, 0.2031099951134845, 0.15632503609360351, 0.10889620328575406, 0.06156745607059727, 0.015134441428387558, 0.029562046511085936, 0.07164530702407212, 0.11021668485577131, 0.14437622830641092, 0.173251627874156, 0.19603597681495485, 0.21203314670848397, 0.22070729357246455, 0.22173080293430686, 0.21502375721655842, 0.20077856520889273, 0.1794658567336741, 0.15182131175401598, 0.11881639438768514, 0.08161784499941417, 0.04154089841544787], "hybrid_results": [1.4024857705922693, 1.3902161754036113, 1.3774138090710712, 1.3641071134651066, 1.3503435543019833, 1.3361886929524087, 1.3217247381346182, 1.307048568389308, 1.2922691880157535, 1.2775045575923623, 1.2628777282042254, 1.2485122089105416, 0.6113990183300475, 0.5828736625894706, 0.556577402773489, 0.5316930806408543, 0.5074985938208301, 0.4833776131005606, 0.4588241400027235, 0.4334423264501321, 0.4586969771527352, 0.4292019626327443, 0.39726256766688145, 0.36311400864665144, 0.327029445388246, 0.2893167875664121, 0.2503164353080271, 0.2103999226685801, 0.16996932332273612, 0.12945717957015307, 0.08932661806232099, 0.0500712080922332, 0.01221399454770695, 0.023695000095077457, 0.05708364607745753, 0.0873658886503119, 0.11395418496224984, 0.1362769686941307, 0.15380149558380038, 0.16606170864176226, 0.1726897917361704, 0.17344901273115457, 0.1682645620193362, 0.15724866928521158, 0.1407165286426311, 0.11919046436740408, 0.0933910911594785, 0.0642156259282813, 0.03270471241421777], "enhanced_results": [1.3972678224967947, 0.8291303015738043, 0.6867178219287818, 0.6046980220657295, 0.5526606112213509, 0.51690945650559, 0.49000994789622965, 0.4782164550517014, 0.4745031650908287, 0.46957939441119645, 0.46087624956926754, 0.4458893669671235, 0.4243670467107539, 0.4044652575491489, 0.3897649325322402, 0.37677140703396184, 0.36592002634328374, 0.3508087077913849, 0.33151554439622694, 0.3081641465528285, 0.28490899756028837, 0.26977895910437766, 0.26108106654784885, 0.26259712122187506, 0.2329856129344671, 0.2580904281030384, 0.21985632636549607, 0.18384062521382713, 0.16403197830505015, 0.13848464221733595, 0.13133449017392806, 0.11291774506190985, 0.09633502738364828, 0.07360882851111332, 0.08500605249805569, 0.10785496828353514, 0.14702394541859745, 0.17008930243401862, 0.18262801665251746, 0.1848548452288691, 0.18401805744655347, 0.18532711800225274, 0.1789673475335226, 0.17673170756167433, 0.1621230234899297, 0.13744560893599023, 0.10633020834348422, 0.07249966896630959, 0.03649623471579527]}