{"lam": [0.02, 0.04, 0.06, 0.08, 0.1, 0.12, 0.14, 0.16, 0.18, 0.2, 0.22, 0.24, 0.26, 0.28, 0.3, 0.32, 0.34, 0.36, 0.38, 0.4, 0.42, 0.44, 0.46, 0.48], "cann_results": [1.2125168002636366, 1.022520880882608, 0.8686900579795241, 0.7544406437620038, 0.6745333629829366, 0.6217456879774955, 0.587769537540633, 0.5633387026799537, 0.5392793242893605, 0.5079348498687422, 0.4641813091884497, 0.4057635365788335, 0.3330619165745509, 0.24856446623908413, 0.15632503609360351, 0.061567456070599075, 0.029562046511089693, 0.11021668485577434, 0.173251627874156, 0.21203314670848397, 0.22173080293430686, 0.20077856520889328, 0.15182131175401672, 0.08161784499941689], "hybrid_results": [1.3902161754036115, 1.3641071134651066, 1.3361886929524087, 1.307048568389308, 1.2775045575923623, 0.5317587516296888, 0.5828736625894704, 0.5316930806408543, 0.4833776131005608, 0.4334423264501326, 0.4292019626327435, 0.36311400864665144, 0.28931678756641327, 0.21039992266858168, 0.12945717957015307, 0.05007120809223098, 0.023695000095063402, 0.08736588865030936, 0.13627696869413153, 0.16606170864176292, 0.17344901273115457, 0.1572486692852123, 0.119190464367405, 0.06421562592827958], "enhanced_results": [0.8289586035530724, 0.6049138619895127, 0.5169094565055902, 0.469502618536729, 0.4704641095558164, 0.4458893669671247, 0.40446525754914864, 0.37797100899033326, 0.3505551954731992, 0.30816414655282776, 0.2700368074606686, 0.25059183697840054, 0.25778235104809955, 0.18265343332228612, 0.11605893146195648, 0.11972463523467458, 0.07785028580678946, 0.11784358990382542, 0.16406897193270817, 0.18453671854876103, 0.18511624907391339, 0.17730185270152726, 0.1374410331085148, 0.07248799824428462]}