{"problem_list": [[[0.34648693815730414], [0.22845217662424902], [0.6240914358124158], [0.34028329898041987], [-0.2884131539059166], [-0.0427691820438111], [0.3643564510685034], [0.32358397232979563]], [[-0.3179365689371722], [-0.07128555818949317], [0.48444081894276636], [0.233372008413457], [0.12427522719372319], [-0.1756873776190539], [0.09060816863388536], [0.7417338329787203]], [[0.11973964958094706], [0.537535146562453], [0.46775420062005496], [0.29083110643496507], [0.21408771423161382], [0.20223131928964558], [-0.34375376924342954], [0.4341013108766301]], [[0.3463964436095293], [0.2537298302670105], [0.2610521247136292], [-0.11231712869159037], [0.4739838597490564], [0.04255749449908262], [0.3938811612916089], [0.594351006570395]], [[0.3215623497747391], [-0.19196401993119871], [0.7872043167510044], [-0.21997190185917648], [-0.2893027591094947], [-0.08718785852175286], [0.07749754006913918], [-0.30718971096294956]], [[0.18486119394542744], [0.32185369827259624], [0.26024909914349764], [-0.34795620534291627], [-0.7662186153093687], [-0.23183623055096772], [0.14670909859436362], [0.10521814285864149]], [[-0.20721729004847234], [0.3328442587928692], [0.4923632199639002], [-0.03127270150572954], [-0.3788471100576562], [0.19797752904741392], [0.5599036726176749], [-0.3265942657846101]], [[0.34648693815730414], [0.22845217662424902], [0.6240914358124158], [0.34028329898041987], [-0.2884131539059166], [-0.0427691820438111], [0.3643564510685034], [0.32358397232979563]]], "shots": 1024, "backend": "ionq_simulator", "ideal_preprocessing_list": [[[-0.8749999999999996, -0.8333333333333331, -0.7916666666666667, -0.7499999999999993, 0.2083333333333336, 0.25000000000000006, 0.29166666666666635, 0.33333333333333376], [0.7071067811865472, 2.789435349370706e-15, 1.0408340855860843e-15, 3.164135620181696e-15, 0.7071067811865476, 1.7763568394002505e-15, 1.096345236817342e-15, 4.2049697057677804e-15]], [[-0.8749999999999996, -0.8333333333333331, -0.7916666666666667, -0.7499999999999993, 0.2083333333333336, 0.25000000000000006, 0.29166666666666635, 0.33333333333333376], [0.7071067811865474, 2.4424906541753444e-15, 1.1657341758564144e-15, 3.219646771412954e-15, 3.566591466608315e-15, 0.7071067811865478, 3.0531133177191805e-16, 1.3704315460216776e-15]], [[-0.8749999999999996, -0.8333333333333331, -0.7916666666666667, -0.7499999999999993, 0.2083333333333336, 0.25000000000000006, 0.29166666666666635, 0.33333333333333376], [0.7071067811865469, 2.4424906541753444e-15, 1.4432899320127035e-15, 3.1086244689504383e-15, 4.753142324176451e-16, 2.0816681711721685e-16, 0.7071067811865475, 9.506284648352903e-16]], [[-0.8749999999999996, -0.8333333333333331, -0.7916666666666667, -0.7499999999999993, 0.2083333333333336, 0.25000000000000006, 0.29166666666666635, 0.33333333333333376], [0.7071067811865474, 2.67841304690819e-15, 1.0547118733938987e-15, 2.7755575615628914e-15, 3.9621084191310274e-15, 1.4432899320127035e-15, 1.2490009027033011e-15, 0.7071067811865475]], [[-0.8749999999999996, -0.8333333333333331, -0.7916666666666667, -0.7499999999999993, 0.2083333333333336, 0.25000000000000006, 0.29166666666666635, 0.33333333333333376], [2.6645352591003757e-15, 3.2612801348363973e-15, 2.636779683484747e-16, 0.7071067811865472, 0.7071067811865477, 1.8735013540549517e-15, 1.3600232051658168e-15, 3.919607693969596e-15]], [[-0.8749999999999996, -0.8333333333333331, -0.7916666666666667, -0.7499999999999993, 0.2083333333333336, 0.25000000000000006, 0.29166666666666635, 0.33333333333333376], [5.828670879282072e-16, 4.1494585545365226e-15, 0.7071067811865475, 3.885780586188048e-16, 0.7071067811865475, 1.824929096727601e-15, 1.6445178552260131e-15, 4.08006961549745e-15]], [[-0.8749999999999996, -0.8333333333333331, -0.7916666666666667, -0.7499999999999993, 0.2083333333333336, 0.25000000000000006, 0.29166666666666635, 0.33333333333333376], [3.6637359812630166e-15, 0.7071067811865474, 6.938893903907228e-16, 3.497202527569243e-15, 0.7071067811865474, 2.1094237467877974e-15, 1.3322676295501878e-15, 3.8719027983802334e-15]], [[-0.8749999999999996, -0.8333333333333331, -0.7916666666666667, -0.7499999999999993, 0.2083333333333336, 0.25000000000000006, 0.29166666666666635, 0.33333333333333376], [0.7071067811865472, 2.789435349370706e-15, 1.0408340855860843e-15, 3.164135620181696e-15, 0.7071067811865476, 1.7763568394002505e-15, 1.096345236817342e-15, 4.2049697057677804e-15]]], "canonical_ids": ["89f56418-a31d-4bae-9532-064e3a41a8d5", "8204bc4a-077b-495c-be98-a5f7208dd283", "07c507c8-5100-4093-8ea5-0ccecc77d1cd", "f7e8f2f6-997d-4deb-81a4-3c1689372af2", "3097328f-aa20-4ddf-b4de-fa8c9cfb2e70", "f9397c3e-bf85-4635-9642-8e89c27e59cf", "aa9a01b6-65d8-4629-a9a2-411d380afb4b", "817f0c12-c8a3-4b0e-9cd8-ef5e1dad98b8"], "canonical_depths": [3500, 3504, 3504, 3504, 3504, 3504, 3499, 3500], "canonical_results": [{"0 0": 335, "0 1": 387, "1 0": 274, "1 1": 28}, {"0 0": 278, "0 1": 504, "1 0": 228, "1 1": 14}, {"0 0": 252, "0 1": 550, "1 0": 203, "1 1": 19}, {"0 0": 254, "0 1": 567, "1 0": 189, "1 1": 14}, {"0 0": 334, "0 1": 452, "1 0": 209, "1 1": 29}, {"0 0": 287, "0 1": 490, "1 0": 208, "1 1": 39}, {"0 0": 330, "0 1": 441, "1 0": 228, "1 1": 25}, {"0 0": 340, "0 1": 430, "1 0": 234, "1 1": 20}], "hybrid_preprocessing_list": [[[0.0, 0.3333333333333333, -1.0, 1], [0.130859375, 0.3173828125, 0.328125, 0]], [[0.3333333333333333, -1.0, 1], [0.4091796875, 0.310546875, 0]], [[-0.6666666666666666, 0.3333333333333333, -1.0, 1], [0.126953125, 0.4892578125, 0.2890625, 0]], [[0.3333333333333333, -1.0, 1], [0.515625, 0.3056640625, 0]], [[-0.6666666666666666, 0.3333333333333333, 1], [0.4072265625, 0.33984375, 0]], [[-0.6666666666666666, 0.3333333333333333, 1], [0.3232421875, 0.322265625, 0]], [[-0.6666666666666666, 0.3333333333333333, -1.0, 1], [0.2197265625, 0.33203125, 0.212890625, 0]], [[-0.6666666666666666, 0.3333333333333333, -1.0, 1], [0.1484375, 0.2900390625, 0.328125, 0]]], "hybrid_preprocessing_depth": [1668, 1672, 1672, 1672, 1672, 1672, 1667, 1668], "hybrid_ids": ["561f25ec-7288-4d40-859c-1c3c27ae8d99", "26a6ad95-796f-4fbc-91e1-689dee25d477", "c92b64bc-4dd8-454b-87db-be81ae5ae38a", "76ef0cb1-0eec-44a5-9622-ef2314cab971", "6ec058c5-8f47-4693-82f2-46d4f231218e", "3a01e3b4-49bb-4b84-b3c1-0dd9e82ba87d", "9786d023-0f36-42e2-9e69-ee5c9c14506c", "aa053879-8358-43fc-bc9c-123142321790"], "hybrid_depths": [3360, 3364, 3393, 3364, 3365, 3365, 3388, 3389], "hybrid_results": [{"0 0": 373, "0 1": 334, "1 0": 286, "1 1": 31}, {"0 0": 326, "0 1": 434, "1 0": 240, "1 1": 24}, {"0 0": 292, "0 1": 528, "1 0": 192, "1 1": 12}, {"0 0": 290, "0 1": 500, "1 0": 212, "1 1": 22}, {"0 0": 360, "0 1": 393, "1 0": 257, "1 1": 14}, {"0 0": 372, "0 1": 400, "1 0": 241, "1 1": 11}, {"0 0": 340, "0 1": 411, "1 0": 252, "1 1": 21}, {"0 0": 361, "0 1": 361, "1 0": 282, "1 1": 20}], "enhanced_preprocessing_list": [[[0.2, -0.8666666666666667, 1], [0.4912109375, 0.4697265625, 0]], [[0.26666666666666666, 0.2, -0.8666666666666667, 1], [0.392578125, 0.0576171875, 0.48828125, 0]], [[0.26666666666666666, 0.3333333333333333, -0.8666666666666667, 1], [0.33203125, 0.111328125, 0.4619140625, 0]], [[0.3333333333333333, -0.8666666666666667, 1], [0.513671875, 0.4638671875, 0]], [[-0.8, -0.7333333333333333, 0.2, 1], [0.046875, 0.380859375, 0.5068359375, 0]], [[-0.8, 0.2, 1], [0.5009765625, 0.44921875, 0]], [[-0.8, 0.2, -0.8666666666666667, 1], [0.1982421875, 0.451171875, 0.2080078125, 0]], [[0.2, -0.8666666666666667, 1], [0.4833984375, 0.4736328125, 0]]], "enhacned_preprocessing_depth": [2762, 2766, 2766, 2766, 2766, 2766, 2761, 2762], "enhanced_ids": ["dfe1ff67-be0b-48c2-ac3e-d36fbbb7cf2c", "269ac657-2bc6-4d19-99f5-38a9fe364660", "b5a07b55-0dc3-48ff-ae3a-b123c5dac4cf", "09910eda-6e2d-4ebd-9346-e90e5e959d6b", "abe880b1-d160-4f16-a15c-20f7f1f76d41", "73907b5b-12e1-486e-a372-490a6ebc0677", "5505f20c-b223-4bf4-9c9a-a944d69fdc33", "d5bd554b-a9be-4175-8a90-69189096d551"], "enhanced_depths": [3389, 3393, 3393, 3393, 3421, 3393, 3388, 3389],