{"problem_list": [[[0.34648693815730414], [0.22845217662424902], [0.6240914358124158], [0.34028329898041987], [-0.2884131539059166], [-0.0427691820438111], [0.3643564510685034], [0.32358397232979563]], [[-0.3179365689371722], [-0.07128555818949317], [0.48444081894276636], [0.233372008413457], [0.12427522719372319], [-0.1756873776190539], [0.09060816863388536], [0.7417338329787203]], [[0.11973964958094706], [0.537535146562453], [0.46775420062005496], [0.29083110643496507], [0.21408771423161382], [0.20223131928964558], [-0.34375376924342954], [0.4341013108766301]], [[0.3463964436095293], [0.2537298302670105], [0.2610521247136292], [-0.11231712869159037], [0.4739838597490564], [0.04255749449908262], [0.3938811612916089], [0.594351006570395]], [[0.3215623497747391], [-0.19196401993119871], [0.7872043167510044], [-0.21997190185917648], [-0.2893027591094947], [-0.08718785852175286], [0.07749754006913918], [-0.30718971096294956]], [[0.18486119394542744], [0.32185369827259624], [0.26024909914349764], [-0.34795620534291627], [-0.7662186153093687], [-0.23183623055096772], [0.14670909859436362], [0.10521814285864149]], [[-0.20721729004847234], [0.3328442587928692], [0.4923632199639002], [-0.03127270150572954], [-0.3788471100576562], [0.19797752904741392], [0.5599036726176749], [-0.3265942657846101]], [[0.34648693815730414], [0.22845217662424902], [0.6240914358124158], [0.34028329898041987], [-0.2884131539059166], [-0.0427691820438111], [0.3643564510685034], [0.32358397232979563]]], "shots": 1024, "backend": "ionq_simulator", "ideal_preprocessing_list": [[[-0.8749999999999996, -0.8333333333333331, -0.7916666666666667, -0.7499999999999993, 0.2083333333333336, 0.25000000000000006, 0.29166666666666635, 0.33333333333333376], [0.7071067811865472, 2.789435349370706e-15, 1.0408340855860843e-15, 3.164135620181696e-15, 0.7071067811865476, 1.7763568394002505e-15, 1.096345236817342e-15, 4.2049697057677804e-15]], [[-0.8749999999999996, -0.8333333333333331, -0.7916666666666667, -0.7499999999999993, 0.2083333333333336, 0.25000000000000006, 0.29166666666666635, 0.33333333333333376], [0.7071067811865474, 2.4424906541753444e-15, 1.1657341758564144e-15, 3.219646771412954e-15, 3.566591466608315e-15, 0.7071067811865478, 3.0531133177191805e-16, 1.3704315460216776e-15]], [[-0.8749999999999996, -0.8333333333333331, -0.7916666666666667, -0.7499999999999993, 0.2083333333333336, 0.25000000000000006, 0.29166666666666635, 0.33333333333333376], [0.7071067811865469, 2.4424906541753444e-15, 1.4432899320127035e-15, 3.1086244689504383e-15, 4.753142324176451e-16, 2.0816681711721685e-16, 0.7071067811865475, 9.506284648352903e-16]], [[-0.8749999999999996, -0.8333333333333331, -0.7916666666666667, -0.7499999999999993, 0.2083333333333336, 0.25000000000000006, 0.29166666666666635, 0.33333333333333376], [0.7071067811865474, 2.67841304690819e-15, 1.0547118733938987e-15, 2.7755575615628914e-15, 3.9621084191310274e-15, 1.4432899320127035e-15, 1.2490009027033011e-15, 0.7071067811865475]], [[-0.8749999999999996, -0.8333333333333331, -0.7916666666666667, -0.7499999999999993, 0.2083333333333336, 0.25000000000000006, 0.29166666666666635, 0.33333333333333376], [2.6645352591003757e-15, 3.2612801348363973e-15, 2.636779683484747e-16, 0.7071067811865472, 0.7071067811865477, 1.8735013540549517e-15, 1.3600232051658168e-15, 3.919607693969596e-15]], [[-0.8749999999999996, -0.8333333333333331, -0.7916666666666667, -0.7499999999999993, 0.2083333333333336, 0.25000000000000006, 0.29166666666666635, 0.33333333333333376], [5.828670879282072e-16, 4.1494585545365226e-15, 0.7071067811865475, 3.885780586188048e-16, 0.7071067811865475, 1.824929096727601e-15, 1.6445178552260131e-15, 4.08006961549745e-15]], [[-0.8749999999999996, -0.8333333333333331, -0.7916666666666667, -0.7499999999999993, 0.2083333333333336, 0.25000000000000006, 0.29166666666666635, 0.33333333333333376], [3.6637359812630166e-15, 0.7071067811865474, 6.938893903907228e-16, 3.497202527569243e-15, 0.7071067811865474, 2.1094237467877974e-15, 1.3322676295501878e-15, 3.8719027983802334e-15]], [[-0.8749999999999996, -0.8333333333333331, -0.7916666666666667, -0.7499999999999993, 0.2083333333333336, 0.25000000000000006, 0.29166666666666635, 0.33333333333333376], [0.7071067811865472, 2.789435349370706e-15, 1.0408340855860843e-15, 3.164135620181696e-15, 0.7071067811865476, 1.7763568394002505e-15, 1.096345236817342e-15, 4.2049697057677804e-15]]], "canonical_ids": ["cb5c907b-a965-4245-829d-5a8137e17183", "673750e2-1f37-457f-bfaf-18513e40095b", "42227bb1-9dda-43a1-94ac-9279b11b4240", "9604639f-27f1-4713-a9ab-f8980390974c", "23047736-4060-4e7e-abf2-de9a43051cdd", "8c2d1078-4f1c-4dd0-85d1-f00be4fab462", "2c3775a0-d79d-4842-a1d8-64f1785a33b4", "4dc1d52d-5b1b-4338-bcd6-18b4eb29d1ef"], "canonical_depths": [3500, 3504, 3504, 3504, 3504, 3504, 3499, 3500], "canonical_results": [{"0 1": 280, "0 0": 329, "1 0": 225, "1 1": 190}, {"0 0": 319, "0 1": 242, "1 1": 190, "1 0": 273}, {"0 0": 325, "0 1": 263, "1 0": 251, "1 1": 185}, {"0 0": 303, "0 1": 244, "1 1": 183, "1 0": 294}, {"0 0": 337, "0 1": 214, "1 0": 281, "1 1": 192}, {"0 0": 326, "0 1": 254, "1 1": 211, "1 0": 233}, {"0 0": 285, "0 1": 274, "1 0": 261, "1 1": 204}, {"0 1": 226, "0 0": 335, "1 1": 199, "1 0": 264}], "hybrid_preprocessing_list": [[[-0.6666666666666666, 0.3333333333333333, -1.0, 1], [0.1376953125, 0.1494140625, 0.1640625, 0]], [[-0.6666666666666666, 0.3333333333333333, -1.0, 1], [0.158203125, 0.1689453125, 0.1630859375, 0]], [[-0.6666666666666666, 0.3333333333333333, -1.0, 1], [0.1376953125, 0.1611328125, 0.1591796875, 0]], [[0.6666666666666666, -0.6666666666666666, 0.3333333333333333, -1.0, 1], [0.1376953125, 0.146484375, 0.146484375, 0.150390625, 0]], [[0.0, -0.6666666666666666, 0.3333333333333333, -0.3333333333333333, 1], [0.1484375, 0.1357421875, 0.1826171875, 0.1337890625, 0]], [[0.3333333333333333, -1.0, 1], [0.1787109375, 0.16796875, 0]], [[-0.6666666666666666, 0.3333333333333333, -1.0, 1], [0.1396484375, 0.169921875, 0.1533203125, 0]], [[-0.6666666666666666, 0.3333333333333333, -1.0, 1], [0.1494140625, 0.1884765625, 0.16796875, 0]]], "hybrid_preprocessing_depth": [1668, 1672, 1672, 1672, 1672, 1672, 1667, 1668], "hybrid_ids": ["3fe55f68-94ee-447a-8765-2a5d21d80ed4", "1fed7544-d92d-47e4-86cd-1682c2d6e839", "1a27a17f-4822-4940-b838-320c91e41777", "55bc3687-5800-4f36-b53b-15ee84458b7a", "48131659-4d3c-4fcd-b457-f046badbef5f", "3a91f85a-25e4-41ad-afaa-ba217f335602", "7b2b2089-e655-4e5c-9044-f413f2cab7e1", "d2ea1b7c-6717-4ea3-b59b-7c41f506a609"], "hybrid_depths": [3389, 3393, 3393, 3420, 3393, 3364, 3388, 3389], "hybrid_results": [{"0 1": 165, "0 0": 416, "1 0": 313, "1 1": 130}, {"0 0": 387, "0 1": 164, "1 1": 118, "1 0": 355}, {"0 1": 175, "0 0": 404, "1 0": 317, "1 1": 128}, {"0 0": 423, "0 1": 176, "1 0": 290, "1 1": 135}, {"0 1": 182, "0 0": 401, "1 0": 288, "1 1": 153}, {"0 1": 123, "0 0": 438, "1 0": 346, "1 1": 117}, {"0 0": 413, "0 1": 147, "1 1": 132, "1 0": 332}, {"0 0": 390, "0 1": 144, "1 1": 164, "1 0": 326}],