{"lam_list": [0.125, 0.16666666666666666, 0.20833333333333334, 0.25, 0.2916666666666667, 0.3333333333333333, 0.375, 0.4166666666666667, 0.4583333333333333], "fixed": [[[0.0, 0.3333333333333333, 1.0], [0.2950473399420044, 0.13805450999545288, 0.315197861987735]], [[0.0, 0.3333333333333333, 0.6666666666666666, 1.0], [0.1888831916029483, 0.21077034481627874, 0.16861029105522446, 0.19856142830348017]], [[0.3333333333333333, 0.6666666666666666], [0.36134501564284216, 0.24817873828650724]], [[0.3333333333333333, 0.6666666666666666], [0.4635962883428014, 0.3522433999965901]], [[0.3333333333333333, 0.6666666666666666], [0.4794751253431323, 0.4372926927433273]], [[0.3333333333333333, 0.6666666666666666], [0.5044306869382534, 0.42065031257890456]], [[0.3333333333333333, 0.6666666666666666], [0.44418696358902765, 0.45651359615305664]], [[0.3333333333333333, 0.6666666666666666], [0.43700937306149223, 0.39582249172929723]], [[0.3333333333333333, 0.6666666666666666], [0.3654215456382496, 0.3973822279743049]]], "fixed_depth": [114, 101, 126, 123, 118, 119, 115, 118, 120], "enhanced_fixed": [[[0.06666666666666667, 0.13333333333333333, 0.8666666666666667, -0.9333333333333333, -0.4, -0.2], [0.03486691811763788, 0.15406493718595982, 0.1988836215401506, 0.03454551463709705, 0.03528677172374269, 0.06548389235057146]], [[0.13333333333333333, 0.2, 0.26666666666666666, 0.7333333333333333, 0.8, 0.8666666666666667], [0.14962366298423463, 0.1471635682528578, 0.04380848899859699, 0.03127203331672464, 0.16023445573849848, 0.13220650298604017]], [[0.2, 0.8], [0.35749508497206683, 0.34245077733410134]], [[0.2, 0.26666666666666666, 0.7333333333333333, 0.8], [0.06554486182640948, 0.33392671139318086, 0.27358831612366613, 0.03815961140543345]], [[0.2, 0.26666666666666666, 0.3333333333333333, 0.6666666666666666, 0.7333333333333333, 0.8], [0.046873860252873344, 0.2497710669579822, 0.10093087065916281, 0.0943726623449924, 0.1925990693551511, 0.035003691683990326]], [[0.3333333333333333, 0.6666666666666666], [0.3828627441805055, 0.31029834043247323]], [[0.3333333333333333, 0.4, 0.5333333333333333, 0.6, 0.6666666666666666], [0.10735089264106175, 0.2672461380148993, 0.03896443093970454, 0.21983742482185734, 0.08810984873067829]], [[0.4, 0.4666666666666667, 0.5333333333333333, 0.6], [0.32494306327153966, 0.04518507726852256, 0.06655054944209376, 0.28946702699927496]], [[0.4, 0.4666666666666667, 0.5333333333333333], [0.03155934114627213, 0.33441738926311393, 0.376252878837095]]], "enhanced_fixed_depth": [246, 257, 260, 259, 284, 284, 243, 277, 252], "iterative": [], "iterative_depth": [], "enhanced_iterative": [], "enhanced_iterative_depht": []}