{"lam_list": [0.125, 0.16666666666666666, 0.20833333333333334, 0.25, 0.2916666666666667, 0.3333333333333333, 0.375, 0.4166666666666667, 0.4583333333333333], "canonical_ids": ["cqwt5nysayw00088xwkg", "cqwt5q61j3r00081xpcg", "cqwt5rfae5gg008mgjng", "cqwt5sfae5gg008mgjpg", "cqwt5tq1j3r00081xpe0", "cqwt5vq1j3r00081xpeg", "cqwt5wzqwzy0008k8a90", "cqwt5xzhepxg00816d00", "cqwt5yzqwzy0008k8aag"], "canonical_depths": [1141, 1111, 1135, 1207, 1165, 1233, 1142, 1159, 1219], "hybrid_ids": ["cqwt5pe1j3r00081xpbg", "cqwt5qesayw00088xwm0", "cqwt5rqhepxg00816cz0", "cqwt5szae5gg008mgjq0", "cqwt5tzp3cg0008cfqq0", "cqwt5w7sayw00088xwmg", "cqwt5x7ae5gg008mgjqg", "cqwt5y7qwzy0008k8aa0", "cqwt5z7qwzy0008k8ab0"], "hybrid_depths": [526, 635, 561, 512, 515, 539, 551, 521, 515], "enhanced_ids": ["cqwt5pp1j3r00081xpc0", "cqwt5qyqwzy0008k8a8g", "cqwt5s7ae5gg008mgjp0", "cqwt5t71j3r00081xpdg", "cqwt5vfp3cg0008cfqqg", "cqwt5wfp3cg0008cfqr0", "cqwt5xqhepxg00816czg", "cqwt5yqp3cg0008cfqrg", "cqwt5zqp3cg0008cfqs0"], "enhanced_depths": [1154, 646, 660, 666, 713, 551, 549, 553, 574]}