{"problem_list": [[[0.442957639461282], [0.4567011847940213], [0.7122074140453136], [0.29660269187840055]], [[-0.1413795895818982], [0.783034132675255], [0.03605644209902887], [0.6046232642715004]], [[0.1745051383857462], [0.5081855971112413], [0.5380926621090386], [-0.6494240852863948]], [[-0.40983209065743414], [0.8345185449924749], [-0.1380583098372463], [-0.34140351289329507]]], "shots": 4096, "backend": "ionq_simulator", "preprocessing_backend": "ideal preprocessing", "ideal_preprocessing_list": [[[-0.8750000000000002, -0.8333333333333333, 0.20833333333333323, 0.25000000000000033], [0.7071067811865475, 2.275957200481571e-15, 0.7071067811865477, 1.27675647831893e-15]], [[-0.8750000000000002, -0.8333333333333333, 0.20833333333333323, 0.25000000000000033], [0.7071067811865477, 2.5118795932144167e-15, 1.3461454173580023e-15, 0.7071067811865474]], [[-0.8750000000000002, -0.8333333333333333, 0.20833333333333323, 0.25000000000000033], [2.3869795029440866e-15, 0.7071067811865475, 0.7071067811865477, 1.1657341758564144e-15]], [[-0.8750000000000002, -0.8333333333333333, 0.20833333333333323, 0.25000000000000033], [2.3037127760972e-15, 0.7071067811865477, 1.1102230246251565e-15, 0.7071067811865471]]], "probability_threshold": 0.125, "canonical_ids": [], "canonical_depths": [], "canonical_results": [], "hybrid_preprocessing_list": [], "hybrid_preprocessing_depth": [], "hybrid_ids": [], "hybrid_depths": [], "hybrid_results": [], "enhanced_preprocessing_list": [], "enhacned_preprocessing_depth": [], "enhanced_ids": ["3d774b13-b92d-4232-b3a2-7e5ded7ddcbc", "bc3ba6ff-3ce0-4d32-8916-a34da0a419ec", "d2cf8664-795c-49d0-b42d-e15afa7d165a", "82f4a0fb-1fd9-4d4f-891d-362ff09be80c"], "enhanced_depths": [681, 683, 683, 683], "enhanced_results": [{"0 0": 1657, "0 1": 945, "1 0": 1054, "1 1": 440}, {"0 0": 1515, "0 1": 989, "1 0": 1058, "1 1": 534}, {"0 0": 1796, "0 1": 813, "1 0": 1045, "1 1": 442}, {"0 0": 1546, "0 1": 1081, "1 0": 957, "1 1": 512}]}