{"problem_list": [[[0.442957639461282], [0.4567011847940213], [0.7122074140453136], [0.29660269187840055]], [[-0.1413795895818982], [0.783034132675255], [0.03605644209902887], [0.6046232642715004]], [[0.1745051383857462], [0.5081855971112413], [0.5380926621090386], [-0.6494240852863948]], [[-0.40983209065743414], [0.8345185449924749], [-0.1380583098372463], [-0.34140351289329507]]], "shots": 1024, "backend": "ionq_qpu.aria-1", "ideal_preprocessing_list": [[[-0.8749999999999994, -0.8333333333333333, 0.20833333333333318, 0.2500000000000001], [0.7071067811865479, 1.7208456881689926e-15, 0.7071067811865476, 9.43689570931383e-16]], [[-0.8749999999999994, -0.8333333333333333, 0.20833333333333318, 0.2500000000000001], [0.7071067811865479, 1.970645868709653e-15, 1.429412144204889e-15, 0.707106781186547]], [[-0.8749999999999994, -0.8333333333333333, 0.20833333333333318, 0.2500000000000001], [1.5543122344752192e-15, 0.7071067811865477, 0.7071067811865475, 1.4432899320127035e-15]], [[-0.8749999999999994, -0.8333333333333333, 0.20833333333333318, 0.2500000000000001], [1.429412144204889e-15, 0.7071067811865474, 9.992007221626409e-16, 0.7071067811865476]]], "canonical_ids": [], "canonical_depths": [], "canonical_results": [], "hybrid_preprocessing_list": [], "hybrid_preprocessing_depth": [], "hybrid_ids": [], "hybrid_depths": [], "hybrid_results": [], "enhanced_preprocessing_list": [[[0.2, -0.8666666666666667, 1], [0.455078125, 0.48828125, 0]], [[0.26666666666666666, 0.2, -0.8666666666666667, 1], [0.3916015625, 0.04296875, 0.5068359375, 0]], [[-0.8, 0.2, -0.8666666666666667, 1], [0.1865234375, 0.5126953125, 0.18359375, 0]], [[0.26666666666666666, -0.8, 0.2, -0.8666666666666667, 1], [0.4111328125, 0.1962890625, 0.0380859375, 0.2177734375, 0]]], "enhacned_preprocessing_depth": [500, 502, 502, 502], "enhanced_ids": ["163878e2-f103-4841-99ab-32be70d46e15", "a543fee7-6513-4926-bf55-d66f6ecfddb3", "2698299e-5530-439b-9884-ffb8b70c04d9", "d6e83e81-879f-4a92-9452-3e7dfaf9b11e"], "enhanced_depths": [681, 683, 683, 683], "enhanced_results": [{"0 0": 416, "0 1": 184, "1 0": 306, "1 1": 119}, {"1 0": 306, "0 1": 213, "0 0": 388, "1 1": 118}, {"0 0": 434, "0 1": 181, "1 0": 312, "1 1": 98}, {"0 0": 405, "0 1": 233, "1 0": 280, "1 1": 107}]}