{"problem_list": [[[0.5, -0.375], [-0.375, 0.5]], [[0.5, -0.33333333333333337], [-0.33333333333333337, 0.5]], [[0.5, -0.29166666666666663], [-0.29166666666666663, 0.5]], [[0.5, -0.25], [-0.25, 0.5]], [[0.5, -0.20833333333333331], [-0.20833333333333331, 0.5]], [[0.5, -0.16666666666666669], [-0.16666666666666669, 0.5]], [[0.5, -0.125], [-0.125, 0.5]], [[0.5, -0.08333333333333331], [-0.08333333333333331, 0.5]], [[0.5, -0.041666666666666685], [-0.041666666666666685, 0.5]], [[0.5, -0.375], [-0.375, 0.5]], [[0.5, -0.33333333333333337], [-0.33333333333333337, 0.5]], [[0.5, -0.29166666666666663], [-0.29166666666666663, 0.5]], [[0.5, -0.25], [-0.25, 0.5]], [[0.5, -0.20833333333333331], [-0.20833333333333331, 0.5]], [[0.5, -0.16666666666666669], [-0.16666666666666669, 0.5]], [[0.5, -0.125], [-0.125, 0.5]], [[0.5, -0.08333333333333331], [-0.08333333333333331, 0.5]], [[0.5, -0.041666666666666685], [-0.041666666666666685, 0.5]]], "shots": 2048, "backend": "ionq_simulator", "ideal_preprocessing_list": [[[0.125, 0.875], [0.7071067811865476, 0.7071067811865476]], [[0.16666666666666663, 0.8333333333333334], [0.7071067811865476, 0.7071067811865476]], [[0.20833333333333337, 0.7916666666666666], [0.7071067811865476, 0.7071067811865476]], [[0.25, 0.75], [0.7071067811865476, 0.7071067811865476]], [[0.2916666666666667, 0.7083333333333333], [0.7071067811865476, 0.7071067811865476]], [[0.33333333333333326, 0.6666666666666667], [0.7071067811865476, 0.7071067811865476]], [[0.375, 0.625], [0.7071067811865476, 0.7071067811865476]], [[0.4166666666666667, 0.5833333333333333], [0.7071067811865476, 0.7071067811865476]], [[0.45833333333333326, 0.5416666666666667], [0.7071067811865476, 0.7071067811865476]], [[0.125, 0.875], [0.7071067811865476, 0.7071067811865476]], [[0.16666666666666663, 0.8333333333333334], [0.7071067811865476, 0.7071067811865476]], [[0.20833333333333337, 0.7916666666666666], [0.7071067811865476, 0.7071067811865476]], [[0.25, 0.75], [0.7071067811865476, 0.7071067811865476]], [[0.2916666666666667, 0.7083333333333333], [0.7071067811865476, 0.7071067811865476]], [[0.33333333333333326, 0.6666666666666667], [0.7071067811865476, 0.7071067811865476]], [[0.375, 0.625], [0.7071067811865476, 0.7071067811865476]], [[0.4166666666666667, 0.5833333333333333], [0.7071067811865476, 0.7071067811865476]], [[0.45833333333333326, 0.5416666666666667], [0.7071067811865476, 0.7071067811865476]]], "probability_threshold": 0.125, "canonical_ids": ["1bf3a647-e505-444a-a911-59cfa7eb1a9f", "8d24190a-3ac1-411b-9185-27a4ef911be9", "32f484b4-855f-4b4b-8fdc-399d7caa433a", "3261c211-f7e0-4598-bc0c-67ff44159e11", "802cce00-c4a5-49ca-887b-0d61b1d9f5e1", "a224563f-ba7b-4d58-8945-f113db607116", "7ea07055-e06f-4cbc-830c-2dbf6c12bf82", "79003d6b-e888-4c98-983c-4871867e054d", "69048a65-05af-4352-ab50-fdca99cdc103", "39189ac7-dedd-4c8a-bbf0-38f09ec3d9f9", "d897efc7-dd50-4be6-9755-628a36072dbc", "652e6b10-4cb0-4d35-aa53-924624bbe966", "708b6338-6c95-4304-9c7c-9c3382612ca0", "0b30b86f-75cc-47ac-9b83-b69b44191996", "d76d422b-df72-4474-a9ad-83cdd277548a", "a164f477-82ab-4b17-9423-ec78baf558d2", "370c69eb-b567-4af3-9dae-cbbf4daaab53", "37c5b1ad-5bcc-4dc9-9de9-dbeea706343b"], "canonical_depths": [284, 262, 292, 292, 292, 292, 292, 292, 292, 284, 262, 292, 292, 292, 292, 292, 292, 292], "canonical_results": [{"0 0": 936, "0 1": 630, "1 0": 290, "1 1": 192}, {"0 0": 882, "0 1": 638, "1 0": 321, "1 1": 207}, {"0 0": 780, "0 1": 771, "1 0": 315, "1 1": 182}, {"0 0": 703, "0 1": 892, "1 0": 237, "1 1": 216}, {"0 0": 658, "0 1": 962, "1 0": 271, "1 1": 157}, {"0 0": 648, "0 1": 874, "1 0": 319, "1 1": 207}, {"0 0": 696, "0 1": 923, "1 0": 238, "1 1": 191}, {"0 0": 749, "0 1": 978, "1 0": 174, "1 1": 147}, {"0 0": 924, "0 1": 923, "1 0": 101, "1 1": 100}, {"0 0": 934, "0 1": 614, "1 0": 307, "1 1": 193}, {"0 0": 862, "0 1": 710, "1 0": 302, "1 1": 174}, {"0 0": 773, "0 1": 714, "1 0": 316, "1 1": 245}, {"0 0": 709, "0 1": 858, "1 0": 291, "1 1": 190}, {"0 0": 614, "0 1": 914, "1 0": 319, "1 1": 201}, {"0 0": 667, "0 1": 863, "1 0": 311, "1 1": 207}, {"0 0": 657, "0 1": 933, "1 0": 256, "1 1": 202}, {"0 0": 819, "0 1": 903, "1 0": 180, "1 1": 146}, {"0 0": 872, "0 1": 1014, "1 1": 82, "1 0": 80}], "hybrid_preprocessing_list": [[[0.0, 0.6666666666666666, 1.0], [0.31201171875, 0.1337890625, 0.3359375]], [[0.0, 0.6666666666666666, 0.3333333333333333, 1.0], [0.21435546875, 0.20849609375, 0.24462890625, 0.220703125]], [[0.6666666666666666, 0.3333333333333333, 1], [0.3427734375, 0.33349609375, 0]], [[0.6666666666666666, 0.3333333333333333, 1], [0.41845703125, 0.43994140625, 0]], [[0.6666666666666666, 0.3333333333333333, 1], [0.466796875, 0.49462890625, 0]], [[0.6666666666666666, 0.3333333333333333, 1], [0.490234375, 0.509765625, 0]], [[0.6666666666666666, 0.3333333333333333, 1], [0.48388671875, 0.4853515625, 0]], [[0.6666666666666666, 0.3333333333333333, 1], [0.45166015625, 0.451171875, 0]], [[0.6666666666666666, 0.3333333333333333, 1], [0.4111328125, 0.419921875, 0]], [[0.0, 0.6666666666666666, 0.3333333333333333, 1.0], [0.33056640625, 0.13720703125, 0.12548828125, 0.30224609375]], [[0.0, 0.6666666666666666, 0.3333333333333333, 1.0], [0.2177734375, 0.2353515625, 0.21826171875, 0.216796875]], [[0.6666666666666666, 0.3333333333333333, 1], [0.33837890625, 0.34130859375, 0]], [[0.6666666666666666, 0.3333333333333333, 1], [0.416015625, 0.4384765625, 0]], [[0.6666666666666666, 0.3333333333333333, 1], [0.4931640625, 0.47314453125, 0]], [[0.6666666666666666, 0.3333333333333333, 1], [0.50390625, 0.49609375, 0]], [[0.6666666666666666, 0.3333333333333333, 1], [0.48291015625, 0.484375, 0]], [[0.6666666666666666, 0.3333333333333333, 1], [0.451171875, 0.44970703125, 0]], [[0.6666666666666666, 0.3333333333333333, 1], [0.41845703125, 0.42529296875, 0]]], "hybrid_preprocessing_depth": [48, 35, 49, 49, 49, 49, 49, 49, 49, 48, 35, 49, 49, 49, 49, 49, 49, 49], "hybrid_ids": ["d7144a7d-b6f7-4753-bc06-ad209b6ba7db", "a0be833b-01cd-4a39-866f-51fa6c5aacf2", "630351a5-d129-4c07-a284-ff0f45c61aab", "dcb74049-7275-4618-baac-902c2af262e6", "d9986bd1-2fa5-4cf4-abfd-7320066aefb3", "0303af2b-e353-4bc1-a715-f161cf68694f", "dd13f2ed-8643-413f-86db-e91d6c6ee4fb", "c36566d5-ad7e-4d19-aad3-63e064cfffae", "2f4f9230-56d6-4c9e-8928-92e720365013", "fc152a9a-4ade-4bb3-92ab-dddae6b2c43f", "6f1508b7-5eb4-4844-92b8-1cee8dfa6c73", "bbb3c767-3a71-47fe-80ce-6f1498325acc", "639087b3-546e-4ccb-8acd-4b80cc9179a0", "84845907-7cd8-461b-b348-f25e24baa05a", "06d24054-0659-449a-a480-7c30ef695667", "571768e9-f071-4c9c-a919-b0eee30c81a3", "63124cad-5835-491d-a973-bf7aba573481", "47513b78-eec4-47eb-825c-59e70f057b1a"], "hybrid_depths": [144, 150, 152, 152, 152, 152, 152, 152, 152, 172, 150, 152, 152, 152, 152, 152, 152, 152], "hybrid_results": [{"0 0": 1398, "0 1": 204, "1 0": 355, "1 1": 91}, {"0 0": 1030, "0 1": 572, "1 0": 317, "1 1": 129}, {"0 0": 890, "0 1": 658, "1 0": 353, "1 1": 147}, {"0 0": 709, "0 1": 908, "1 0": 313, "1 1": 118}, {"0 0": 698, "0 1": 921, "1 0": 327, "1 1": 102}, {"0 0": 601, "0 1": 1033, "1 0": 297, "1 1": 117}, {"0 0": 668, "0 1": 989, "1 0": 275, "1 1": 116}, {"0 0": 778, "0 1": 907, "1 0": 259, "1 1": 104}, {"0 0": 933, "0 1": 977, "1 0": 80, "1 1": 58}, {"0 0": 1149, "0 1": 417, "1 0": 350, "1 1": 132}, {"0 0": 1042, "0 1": 548, "1 0": 322, "1 1": 136}, {"0 0": 869, "0 1": 691, "1 0": 333, "1 1": 155}, {"0 0": 778, "0 1": 829, "1 0": 311, "1 1": 130}, {"0 0": 699, "0 1": 900, "1 0": 328, "1 1": 121}, {"0 0": 626, "0 1": 996, "1 0": 326, "1 1": 100}, {"0 0": 676, "0 1": 952, "1 0": 306, "1 1": 114}, {"0 0": 798, "0 1": 988, "1 0": 177, "1 1": 85}, {"0 0": 974, "0 1": 905, "1 0": 104, "1 1": 65}],