{"problem_list": [[[0.5, -0.375], [-0.375, 0.5]], [[0.5, -0.33333333333333337], [-0.33333333333333337, 0.5]], [[0.5, -0.29166666666666663], [-0.29166666666666663, 0.5]], [[0.5, -0.25], [-0.25, 0.5]], [[0.5, -0.20833333333333331], [-0.20833333333333331, 0.5]], [[0.5, -0.16666666666666669], [-0.16666666666666669, 0.5]], [[0.5, -0.125], [-0.125, 0.5]], [[0.5, -0.08333333333333331], [-0.08333333333333331, 0.5]], [[0.5, -0.041666666666666685], [-0.041666666666666685, 0.5]]], "shots": 1024, "backend": "ionq_qpu.aria-1", "preprocessing_list": [[[0.13333333333333333, 0.8666666666666667], [0.40195121951219515, 0.3873170731707317]], [[0.8, 0.2, 0.8666666666666667, 0.13333333333333333, 0.26666666666666666], [0.19121951219512195, 0.18439024390243902, 0.17658536585365853, 0.1902439024390244, 0.03219512195121951]], [[0.8, 0.2], [0.40390243902439027, 0.3960975609756098]], [[0.7333333333333333, 0.26666666666666666, 0.8, 0.2], [0.35121951219512193, 0.35609756097560974, 0.050731707317073174, 0.045853658536585365]], [[0.26666666666666666, 0.7333333333333333, 0.3333333333333333, 0.6666666666666666, 0.2], [0.2682926829268293, 0.2604878048780488, 0.10341463414634146, 0.11024390243902439, 0.03804878048780488]], [[0.3333333333333333, 0.6666666666666666], [0.43414634146341463, 0.424390243902439]], [[0.4, 0.6, 0.6666666666666666, 0.3333333333333333, 0.5333333333333333, 0.4666666666666667], [0.29560975609756096, 0.27219512195121953, 0.10829268292682927, 0.10048780487804879, 0.03414634146341464, 0.03414634146341464]], [[0.4, 0.6, 0.5333333333333333, 0.4666666666666667, 0.6666666666666666], [0.3746341463414634, 0.33951219512195124, 0.06439024390243903, 0.054634146341463415, 0.03219512195121951]], [[0.5333333333333333, 0.4666666666666667], [0.41560975609756096, 0.43121951219512195]]], "ideal_preprocessing_list": [[[0.125, 0.875], [0.7071067811865476, 0.7071067811865476]], [[0.16666666666666663, 0.8333333333333334], [0.7071067811865476, 0.7071067811865476]], [[0.20833333333333337, 0.7916666666666666], [0.7071067811865476, 0.7071067811865476]], [[0.25, 0.75], [0.7071067811865476, 0.7071067811865476]], [[0.2916666666666667, 0.7083333333333333], [0.7071067811865476, 0.7071067811865476]], [[0.33333333333333326, 0.6666666666666667], [0.7071067811865476, 0.7071067811865476]], [[0.375, 0.625], [0.7071067811865476, 0.7071067811865476]], [[0.4166666666666667, 0.5833333333333333], [0.7071067811865476, 0.7071067811865476]], [[0.45833333333333326, 0.5416666666666667], [0.7071067811865476, 0.7071067811865476]]], "preprocessing_depth": [76, 69, 83, 76, 82, 83, 76, 82, 83], "enhanced_ids": ["2b2245f2-d967-4848-b81c-bf085d66c8ad", "d386d4b2-54c5-4219-beb0-7a4d395440e0", "9920d189-f2e0-4cce-9f0d-95592c7ca060", "9c74d630-5ba2-44a0-b792-2d85b6b5c7bd", "1eff7b3a-fb4d-4e4f-891e-8bfd3c307265", "fad7cda1-20ae-44b4-b2e5-de45d70e620d", "67c12ac8-a90b-4fb3-ade1-a66f892b9a07", "0c796898-beab-4d44-af4a-5545d3edb87e", "a63f94ab-b3eb-4914-aa4a-f636d1db9827"], "enhanced_depths": [172, 150, 180, 153, 153, 153, 153, 153, 153], "enhanced_results": [{"0 0": 581, "0 1": 163, "1 0": 222, "1 1": 58}, {"0 0": 523, "1 0": 200, "0 1": 241, "1 1": 60}, {"0 1": 294, "0 0": 461, "1 0": 201, "1 1": 69}, {"0 0": 375, "0 1": 390, "1 0": 200, "1 1": 60}, {"0 1": 459, "0 0": 326, "1 0": 153, "1 1": 87}, {"0 1": 529, "0 0": 272, "1 0": 151, "1 1": 72}, {"0 1": 530, "0 0": 273, "1 0": 128, "1 1": 93}, {"0 1": 585, "0 0": 281, "1 1": 92, "1 0": 66}, {"0 1": 620, "0 0": 295, "1 1": 71, "1 0": 38}]}