{"problem_list": [{"A_matrix": [[-0.15487282009275, 0.2764445413142093, 0.3412340078136907, -0.23464154559975642], [0.2764445413142093, -0.0075230033690514685, -0.3670008172965347, 0.0246832277494743], [0.3412340078136907, -0.3670008172965347, -0.3420660752909289, -0.22655934966459973], [-0.23464154559975645, 0.024683227749474304, -0.22655934966459973, -0.7455381012472694]], "b_vector": [[0.442957639461282], [0.4567011847940213], [0.7122074140453136], [0.29660269187840055]]}, {"A_matrix": [[-0.15487282009275, 0.2764445413142093, 0.3412340078136907, -0.23464154559975642], [0.2764445413142093, -0.0075230033690514685, -0.3670008172965347, 0.0246832277494743], [0.3412340078136907, -0.3670008172965347, -0.3420660752909289, -0.22655934966459973], [-0.23464154559975645, 0.024683227749474304, -0.22655934966459973, -0.7455381012472694]], "b_vector": [[-0.1413795895818982], [0.783034132675255], [0.03605644209902887], [0.6046232642715004]]}, {"A_matrix": [[-0.15487282009275, 0.2764445413142093, 0.3412340078136907, -0.23464154559975642], [0.2764445413142093, -0.0075230033690514685, -0.3670008172965347, 0.0246832277494743], [0.3412340078136907, -0.3670008172965347, -0.3420660752909289, -0.22655934966459973], [-0.23464154559975645, 0.024683227749474304, -0.22655934966459973, -0.7455381012472694]], "b_vector": [[0.1745051383857462], [0.5081855971112413], [0.5380926621090386], [-0.6494240852863948]]}, {"A_matrix": [[-0.15487282009275, 0.2764445413142093, 0.3412340078136907, -0.23464154559975642], [0.2764445413142093, -0.0075230033690514685, -0.3670008172965347, 0.0246832277494743], [0.3412340078136907, -0.3670008172965347, -0.3420660752909289, -0.22655934966459973], [-0.23464154559975645, 0.024683227749474304, -0.22655934966459973, -0.7455381012472694]], "b_vector": [[-0.40983209065743414], [0.8345185449924749], [-0.1380583098372463], [-0.34140351289329507]]}], "backend": "ibm_torino", "ideal_preprocessing_list": [[[-0.8750000000000002, -0.8333333333333333, 0.20833333333333323, 0.25000000000000033], [0.7071067811865475, 2.275957200481571e-15, 0.7071067811865477, 1.27675647831893e-15]], [[-0.8750000000000002, -0.8333333333333333, 0.20833333333333323, 0.25000000000000033], [0.7071067811865477, 2.5118795932144167e-15, 1.3461454173580023e-15, 0.7071067811865474]], [[-0.8750000000000002, -0.8333333333333333, 0.20833333333333323, 0.25000000000000033], [2.3869795029440866e-15, 0.7071067811865475, 0.7071067811865477, 1.1657341758564144e-15]], [[-0.8750000000000002, -0.8333333333333333, 0.20833333333333323, 0.25000000000000033], [2.3037127760972e-15, 0.7071067811865477, 1.1102230246251565e-15, 0.7071067811865471]]], "probability_threshold": 0.125, "canonical_ids": ["cr9npj2ymhs0008rk1k0", "cr9pj284haz00083d2f0", "cr9pn2c1bz60008fgdkg", "cr9pq8xpw7900082vjr0"], "canonical_depths": [2836, 2775, 2770, 2880], "canonical_results": [{"0": 0.2878611306986127, "1": 0.34126557420282844, "2": 0.1590013859458614, "3": 0.2118719091526974}, {"0": 0.3250032482568005, "1": 0.29458780239063437, "2": 0.203500903434859, "3": 0.17690804591770615}, {"0": 0.33197563558816745, "1": 0.2910257547489893, "2": 0.19910880942364081, "3": 0.1778898002392024}, {"0": 0.35617323210114316, "1": 0.2401900348635054, "2": 0.23553909666598014, "3": 0.1680976363693713}], "hybrid_preprocessing_list": [], "hybrid_preprocessing_depth": [], "hybrid_ids": ["cr9pf9npw7900082vj90", "cr9pkf5gexag008mgyh0", "cr9pntf3erv00080d0h0", "cr9pr0gymhs0008rk3c0"], "hybrid_depths": [2095, 2211, 2282, 2322], "hybrid_results": [{"0": 0.35389956283593166, "1": 0.24003317054440257, "2": 0.23614370884233069, "3": 0.16992355777733506}, {"0": 0.3736070611780982, "1": 0.22688313490033316, "2": 0.25073200028918524, "3": 0.14877780363238338}, {"0": 0.3741931598716932, "1": 0.26731650138210145, "2": 0.21512922205849155, "3": 0.14336111668771376}, {"0": 0.34608497199151783, "1": 0.2825850987987805, "2": 0.20787017885312709, "3": 0.1634597503565746}], "enhanced_preprocessing_list": [], "enhacned_preprocessing_depth": [], "enhanced_ids": ["cr9pgzb1bz60008fgddg", "cr9pma9ymhs0008rk2x0", "cr9pphjpw7900082vjhg", "cr9pryv4haz00083d2zg"], "enhanced_depths": [2259, 2318, 2202, 2145], "enhanced_results": [{"0": 0.32835393637335236, "1": 0.25645832227425264, "2": 0.23051838710921718, "3": 0.18466935424317787}, {"0": 0.27857538010805194, "1": 0.3148863501337831, "2": 0.19031330543891245, "3": 0.2162249643192526}, {"0": 0.3746250608260362, "1": 0.23684550220421483, "2": 0.24480905730696662, "3": 0.14372037966278234}, {"0": 0.3515328362769301, "1": 0.2352814101635113, "2": 0.2613261858673365, "3": 0.151859567692222}]}