{"problem_list": [{"A_matrix": [[-0.15487282009275, 0.2764445413142093, 0.3412340078136907, -0.23464154559975642], [0.2764445413142093, -0.0075230033690514685, -0.3670008172965347, 0.0246832277494743], [0.3412340078136907, -0.3670008172965347, -0.3420660752909289, -0.22655934966459973], [-0.23464154559975645, 0.024683227749474304, -0.22655934966459973, -0.7455381012472694]], "b_vector": [[0.442957639461282], [0.4567011847940213], [0.7122074140453136], [0.29660269187840055]]}, {"A_matrix": [[-0.15487282009275, 0.2764445413142093, 0.3412340078136907, -0.23464154559975642], [0.2764445413142093, -0.0075230033690514685, -0.3670008172965347, 0.0246832277494743], [0.3412340078136907, -0.3670008172965347, -0.3420660752909289, -0.22655934966459973], [-0.23464154559975645, 0.024683227749474304, -0.22655934966459973, -0.7455381012472694]], "b_vector": [[-0.1413795895818982], [0.783034132675255], [0.03605644209902887], [0.6046232642715004]]}, {"A_matrix": [[-0.15487282009275, 0.2764445413142093, 0.3412340078136907, -0.23464154559975642], [0.2764445413142093, -0.0075230033690514685, -0.3670008172965347, 0.0246832277494743], [0.3412340078136907, -0.3670008172965347, -0.3420660752909289, -0.22655934966459973], [-0.23464154559975645, 0.024683227749474304, -0.22655934966459973, -0.7455381012472694]], "b_vector": [[0.1745051383857462], [0.5081855971112413], [0.5380926621090386], [-0.6494240852863948]]}, {"A_matrix": [[-0.15487282009275, 0.2764445413142093, 0.3412340078136907, -0.23464154559975642], [0.2764445413142093, -0.0075230033690514685, -0.3670008172965347, 0.0246832277494743], [0.3412340078136907, -0.3670008172965347, -0.3420660752909289, -0.22655934966459973], [-0.23464154559975645, 0.024683227749474304, -0.22655934966459973, -0.7455381012472694]], "b_vector": [[-0.40983209065743414], [0.8345185449924749], [-0.1380583098372463], [-0.34140351289329507]]}], "shots": 0, "backend": "ibm_torino", "ideal_preprocessing_list": [[[-0.8749999999999994, -0.8333333333333333, 0.20833333333333318, 0.2500000000000001], [0.7071067811865479, 1.7208456881689926e-15, 0.7071067811865476, 9.43689570931383e-16]], [[-0.8749999999999994, -0.8333333333333333, 0.20833333333333318, 0.2500000000000001], [0.7071067811865479, 1.970645868709653e-15, 1.429412144204889e-15, 0.707106781186547]], [[-0.8749999999999994, -0.8333333333333333, 0.20833333333333318, 0.2500000000000001], [1.5543122344752192e-15, 0.7071067811865477, 0.7071067811865475, 1.4432899320127035e-15]], [[-0.8749999999999994, -0.8333333333333333, 0.20833333333333318, 0.2500000000000001], [1.429412144204889e-15, 0.7071067811865474, 9.992007221626409e-16, 0.7071067811865476]]], "canonical_ids": ["cr1jap2s9z7g008dw1b0", "cr1jxd5244sg008j7w0g", "cr1jyp28gdp0008g1msg", "cr1k01g244sg008j7wc0"], "canonical_depths": [2826, 2760, 2798, 2824], "canonical_results": [{"0": 0.3091470176397766, "1": 0.2780677529499021, "2": 0.22274935753941655, "3": 0.19003587187090493}, {"0": 0.30830164216021255, "1": 0.25132901023882087, "2": 0.2388038950729067, "3": 0.20156545252805982}, {"0": 0.27801108143535264, "1": 0.2803512879026265, "2": 0.2375701435118479, "3": 0.20406748715017295}, {"0": 0.3280986661492546, "1": 0.2858820359653009, "2": 0.21045874943989862, "3": 0.17556054844554583}], "hybrid_preprocessing_list": [], "hybrid_preprocessing_depth": [], "hybrid_ids": ["cr1jw38244sg008j7vmg", "cr1jxt7k5z70008931p0", "cr1jz6cdvs8g008jbvsg", "cr1k0fh8gdp0008g1n6g"], "hybrid_depths": [2449, 2304, 2325, 2332], "hybrid_results": [{"0": 0.3486229825165705, "1": 0.2516300934885322, "2": 0.23443962823357725, "3": 0.16530729576132008}, {"0": 0.30205595124971346, "1": 0.24096322796249522, "2": 0.2506664496077356, "3": 0.20631437118005566}, {"0": 0.2929991826382995, "1": 0.252024005269636, "2": 0.25676159304126694, "3": 0.1982152190507976}, {"0": 0.2994005596162745, "1": 0.25883410573481913, "2": 0.2454222054137445, "3": 0.19634312923516187}], "enhanced_preprocessing_list": [], "enhacned_preprocessing_depth": [], "enhanced_ids": ["cr1jwq28gdp0008g1m7g", "cr1jy708gdp0008g1mn0", "cr1jzkp244sg008j7wa0", "cr1k0yb8gdp0008g1n90"], "enhanced_depths": [2569, 2567, 2487, 2530], "enhanced_results": [{"0": 0.31213128253630057, "1": 0.29350756190065724, "2": 0.2011916657296665, "3": 0.19316948983337576}, {"0": 0.27969601810340783, "1": 0.3043449639900019, "2": 0.2075007473952444, "3": 0.20845827051134586}, {"0": 0.3134632615967478, "1": 0.277556607047145, "2": 0.21743877904273923, "3": 0.19154135231336797}, {"0": 0.2839764690128876, "1": 0.2562198505084042, "2": 0.25211300936790254, "3": 0.2076906711108056}]}